appointment_id,patient_id,provider_id,department_id,scheduled_date,appointment_type,status,encounter_id
1,25,10,4,2026-01-28 14:30,Therapy Session,Completed,1
2,36,1,1,2026-01-28 13:45,Wellness/Annual,Completed,2
3,190,6,2,2026-01-28 13:45,Follow-Up,Completed,3
4,177,12,4,2026-01-28 08:45,Therapy Session,Completed,4
5,159,12,4,2026-01-28 14:15,Therapy Session,Completed,5
6,177,8,3,2026-01-28 14:45,New Patient,Completed,6
7,137,17,6,2026-01-28 13:30,Lab/Imaging Order,Completed,7
8,198,5,2,2026-01-28 11:45,Follow-Up,Completed,8
9,75,13,5,2026-01-28 08:30,Urgent,Completed,9
10,28,13,5,2026-01-28 11:15,Urgent,Cancelled,
11,164,16,6,2026-01-28 11:00,Lab/Imaging Order,Completed,10
12,123,14,5,2026-01-28 11:30,Urgent,Completed,11
13,215,16,6,2026-01-28 14:45,Lab/Imaging Order,Completed,12
14,140,6,2,2026-01-28 15:15,Wellness/Annual,Completed,13
15,48,15,5,2026-01-28 08:30,Urgent,Completed,14
16,48,7,3,2026-01-28 15:30,New Patient,Completed,15
17,147,6,2,2026-01-28 12:30,New Patient,Completed,16
18,198,18,6,2026-01-28 12:00,Lab/Imaging Order,Completed,17
19,96,9,3,2026-01-28 16:45,Follow-Up,Completed,18
20,16,16,6,2026-01-28 16:15,Lab/Imaging Order,Completed,19
21,115,9,3,2026-01-28 15:15,New Patient,Completed,20
22,191,4,2,2026-01-28 09:00,New Patient,Completed,21
23,197,7,3,2026-01-28 14:30,Wellness/Annual,Completed,22
24,101,3,1,2026-01-28 10:15,Wellness/Annual,Completed,23
25,71,7,3,2026-01-29 09:00,New Patient,Completed,24
26,154,11,4,2026-01-29 08:15,Therapy Session,Completed,25
27,209,16,6,2026-01-29 13:30,Lab/Imaging Order,Completed,26
28,189,12,4,2026-01-29 10:45,Therapy Session,Completed,27
29,194,4,2,2026-01-29 15:15,Wellness/Annual,Completed,28
30,100,10,4,2026-01-29 11:30,Therapy Session,Cancelled,
31,217,14,5,2026-01-29 13:00,Urgent,Completed,29
32,56,15,5,2026-01-29 15:15,Urgent,Completed,30
33,62,14,5,2026-01-29 16:30,Urgent,Completed,31
34,121,3,1,2026-01-29 11:30,Follow-Up,Completed,32
35,185,18,6,2026-01-29 14:30,Lab/Imaging Order,Completed,33
36,186,14,5,2026-01-29 15:45,Urgent,Completed,34
37,210,1,1,2026-01-29 08:00,Wellness/Annual,Completed,35
38,171,3,1,2026-01-29 15:45,Wellness/Annual,No-Show,
39,4,11,4,2026-01-29 08:30,Therapy Session,Completed,36
40,159,1,1,2026-01-29 12:30,Wellness/Annual,Completed,37
41,168,4,2,2026-01-29 08:00,Wellness/Annual,Completed,38
42,201,18,6,2026-01-30 13:00,Lab/Imaging Order,Completed,39
43,140,14,5,2026-01-30 08:15,Urgent,Completed,40
44,214,12,4,2026-01-30 14:30,Therapy Session,Completed,41
45,155,17,6,2026-01-30 14:30,Lab/Imaging Order,No-Show,
46,126,5,2,2026-01-30 13:45,New Patient,Completed,42
47,183,5,2,2026-01-30 10:45,Wellness/Annual,Completed,43
48,48,1,1,2026-01-30 15:45,Follow-Up,Cancelled,
49,24,3,1,2026-01-30 13:45,Wellness/Annual,No-Show,
50,186,7,3,2026-01-30 11:15,Wellness/Annual,Completed,44
51,71,2,1,2026-01-30 12:45,Follow-Up,Completed,45
52,2,2,1,2026-01-30 13:45,Follow-Up,Completed,46
53,52,6,2,2026-01-30 13:15,Follow-Up,Completed,47
54,94,14,5,2026-01-30 09:15,Urgent,Completed,48
55,173,14,5,2026-01-30 15:15,Urgent,Completed,49
56,178,9,3,2026-01-30 16:00,Follow-Up,Completed,50
57,145,13,5,2026-01-30 14:30,Urgent,Completed,51
58,198,5,2,2026-01-30 16:15,Wellness/Annual,Completed,52
59,37,15,5,2026-01-30 13:30,Urgent,Completed,53
60,12,5,2,2026-01-30 09:00,Wellness/Annual,Completed,54
61,60,11,4,2026-01-30 14:15,Therapy Session,Cancelled,
62,8,14,5,2026-01-30 11:45,Urgent,Completed,55
63,118,4,2,2026-02-02 12:45,New Patient,Completed,56
64,159,5,2,2026-02-02 12:00,New Patient,Completed,57
65,100,15,5,2026-02-02 14:15,Urgent,Completed,58
66,159,2,1,2026-02-02 13:00,New Patient,Completed,59
67,145,7,3,2026-02-02 11:30,New Patient,No-Show,
68,44,2,1,2026-02-02 15:00,Follow-Up,Completed,60
69,193,3,1,2026-02-02 12:00,New Patient,Completed,61
70,157,15,5,2026-02-02 14:15,Urgent,Completed,62
71,75,17,6,2026-02-02 12:00,Lab/Imaging Order,Completed,63
72,195,13,5,2026-02-02 14:45,Urgent,Completed,64
73,95,15,5,2026-02-02 15:45,Urgent,Completed,65
74,127,16,6,2026-02-02 12:30,Lab/Imaging Order,Completed,66
75,5,2,1,2026-02-02 10:45,New Patient,Completed,67
76,22,14,5,2026-02-02 13:15,Urgent,Cancelled,
77,180,12,4,2026-02-02 11:45,Therapy Session,Completed,68
78,114,6,2,2026-02-02 08:30,New Patient,Completed,69
79,81,13,5,2026-02-03 13:30,Urgent,Completed,70
80,161,4,2,2026-02-03 10:45,Wellness/Annual,Completed,71
81,110,14,5,2026-02-03 13:15,Urgent,Completed,72
82,192,10,4,2026-02-03 14:30,Therapy Session,Completed,73
83,93,1,1,2026-02-03 10:45,Follow-Up,Completed,74
84,68,10,4,2026-02-03 11:00,Therapy Session,Completed,75
85,158,15,5,2026-02-03 10:30,Urgent,Cancelled,
86,207,1,1,2026-02-03 16:30,New Patient,Completed,76
87,117,16,6,2026-02-03 08:30,Lab/Imaging Order,Completed,77
88,133,18,6,2026-02-03 12:15,Lab/Imaging Order,Completed,78
89,148,3,1,2026-02-03 09:45,Wellness/Annual,Completed,79
90,173,15,5,2026-02-03 09:15,Urgent,Completed,80
91,142,1,1,2026-02-03 14:15,Wellness/Annual,Completed,81
92,46,7,3,2026-02-03 16:00,New Patient,Completed,82
93,52,8,3,2026-02-03 12:15,Follow-Up,Completed,83
94,89,3,1,2026-02-03 08:30,Wellness/Annual,No-Show,
95,187,15,5,2026-02-03 12:00,Urgent,Completed,84
96,106,18,6,2026-02-03 13:45,Lab/Imaging Order,Completed,85
97,170,11,4,2026-02-03 10:15,Therapy Session,Completed,86
98,35,1,1,2026-02-03 09:15,Wellness/Annual,Cancelled,
99,105,8,3,2026-02-03 16:30,New Patient,Completed,87
100,78,3,1,2026-02-03 08:15,Wellness/Annual,Completed,88
101,67,2,1,2026-02-03 08:45,New Patient,Completed,89
102,213,1,1,2026-02-03 10:15,New Patient,Completed,90
103,208,17,6,2026-02-03 10:00,Lab/Imaging Order,Completed,91
104,128,14,5,2026-02-04 08:45,Urgent,Completed,92
105,63,12,4,2026-02-04 12:45,Therapy Session,Completed,93
106,205,9,3,2026-02-04 11:00,Wellness/Annual,Completed,94
107,82,4,2,2026-02-04 11:00,Wellness/Annual,Completed,95
108,62,3,1,2026-02-04 16:00,Follow-Up,Completed,96
109,179,12,4,2026-02-04 13:00,Therapy Session,Completed,97
110,15,7,3,2026-02-04 11:00,New Patient,Completed,98
111,151,1,1,2026-02-04 10:00,Wellness/Annual,Completed,99
112,41,4,2,2026-02-04 14:45,Wellness/Annual,Completed,100
113,76,6,2,2026-02-04 10:00,New Patient,Completed,101
114,27,3,1,2026-02-04 10:30,Follow-Up,Completed,102
115,64,1,1,2026-02-04 09:30,Wellness/Annual,Completed,103
116,97,17,6,2026-02-04 13:45,Lab/Imaging Order,Completed,104
117,67,5,2,2026-02-04 09:30,New Patient,Completed,105
118,43,9,3,2026-02-04 14:15,Wellness/Annual,No-Show,
119,105,4,2,2026-02-04 16:30,Wellness/Annual,Completed,106
120,110,1,1,2026-02-04 12:45,New Patient,Completed,107
121,121,5,2,2026-02-04 12:00,Follow-Up,Completed,108
122,120,2,1,2026-02-04 11:30,Follow-Up,Completed,109
123,216,4,2,2026-02-04 16:45,Follow-Up,Completed,110
124,133,3,1,2026-02-05 10:00,Wellness/Annual,Completed,111
125,112,9,3,2026-02-05 10:30,New Patient,Completed,112
126,202,10,4,2026-02-05 16:45,Therapy Session,No-Show,
127,151,3,1,2026-02-05 09:00,Wellness/Annual,Completed,113
128,10,11,4,2026-02-05 10:30,Therapy Session,Completed,114
129,69,2,1,2026-02-05 08:30,Follow-Up,Completed,115
130,114,6,2,2026-02-05 12:45,Follow-Up,Completed,116
131,132,16,6,2026-02-05 10:00,Lab/Imaging Order,Completed,117
132,9,16,6,2026-02-05 15:00,Lab/Imaging Order,Completed,118
133,96,13,5,2026-02-05 15:45,Urgent,Completed,119
134,13,5,2,2026-02-05 11:15,New Patient,Completed,120
135,206,15,5,2026-02-05 08:15,Urgent,Completed,121
136,174,2,1,2026-02-05 14:00,Wellness/Annual,No-Show,
137,144,17,6,2026-02-05 12:30,Lab/Imaging Order,Completed,122
138,77,15,5,2026-02-05 11:15,Urgent,Completed,123
139,108,17,6,2026-02-05 14:45,Lab/Imaging Order,Completed,124
140,216,7,3,2026-02-05 16:15,Wellness/Annual,Completed,125
141,79,6,2,2026-02-05 13:30,Follow-Up,Completed,126
142,31,18,6,2026-02-05 14:30,Lab/Imaging Order,Completed,127
143,47,6,2,2026-02-05 15:30,New Patient,Completed,128
144,148,13,5,2026-02-05 10:45,Urgent,Completed,129
145,137,4,2,2026-02-05 13:00,New Patient,Completed,130
146,99,4,2,2026-02-05 12:15,Wellness/Annual,No-Show,
147,117,2,1,2026-02-05 16:30,Wellness/Annual,Completed,131
148,187,1,1,2026-02-05 11:00,New Patient,Completed,132
149,170,1,1,2026-02-06 08:00,New Patient,Completed,133
150,178,13,5,2026-02-06 08:30,Urgent,Completed,134
151,128,1,1,2026-02-06 11:30,New Patient,Completed,135
152,177,7,3,2026-02-06 13:15,Follow-Up,No-Show,
153,214,13,5,2026-02-06 15:15,Urgent,Completed,136
154,209,7,3,2026-02-06 08:30,New Patient,Completed,137
155,85,13,5,2026-02-06 13:45,Urgent,Completed,138
156,214,17,6,2026-02-06 14:45,Lab/Imaging Order,Completed,139
157,206,17,6,2026-02-06 15:15,Lab/Imaging Order,Completed,140
158,12,17,6,2026-02-06 09:30,Lab/Imaging Order,Completed,141
159,124,13,5,2026-02-06 13:45,Urgent,Completed,142
160,193,16,6,2026-02-06 15:30,Lab/Imaging Order,Completed,143
161,115,9,3,2026-02-06 15:45,New Patient,Completed,144
162,203,10,4,2026-02-06 12:15,Therapy Session,Completed,145
163,154,12,4,2026-02-06 15:30,Therapy Session,Completed,146
164,180,11,4,2026-02-06 09:00,Therapy Session,Completed,147
165,56,2,1,2026-02-06 11:30,Follow-Up,Cancelled,
166,215,9,3,2026-02-06 09:45,Wellness/Annual,Completed,148
167,124,18,6,2026-02-06 16:15,Lab/Imaging Order,Completed,149
168,156,17,6,2026-02-06 11:30,Lab/Imaging Order,Completed,150
169,132,15,5,2026-02-06 12:30,Urgent,Completed,151
170,164,9,3,2026-02-06 09:30,Follow-Up,Completed,152
171,38,2,1,2026-02-06 08:15,New Patient,Completed,153
172,209,11,4,2026-02-09 15:00,Therapy Session,Completed,154
173,107,17,6,2026-02-09 13:00,Lab/Imaging Order,No-Show,
174,200,6,2,2026-02-09 11:30,Follow-Up,Completed,155
175,48,16,6,2026-02-09 10:00,Lab/Imaging Order,Completed,156
176,40,6,2,2026-02-09 10:30,New Patient,Completed,157
177,134,1,1,2026-02-09 16:15,New Patient,Completed,158
178,56,5,2,2026-02-09 16:45,Wellness/Annual,Completed,159
179,98,14,5,2026-02-09 09:45,Urgent,Completed,160
180,83,16,6,2026-02-09 16:00,Lab/Imaging Order,Completed,161
181,138,16,6,2026-02-09 14:00,Lab/Imaging Order,Completed,162
182,143,2,1,2026-02-09 11:30,New Patient,Completed,163
183,185,12,4,2026-02-09 09:00,Therapy Session,Completed,164
184,98,14,5,2026-02-09 14:00,Urgent,Completed,165
185,37,12,4,2026-02-09 09:00,Therapy Session,No-Show,
186,141,12,4,2026-02-09 09:30,Therapy Session,Completed,166
187,50,11,4,2026-02-09 09:15,Therapy Session,Completed,167
188,149,3,1,2026-02-09 13:30,Follow-Up,Cancelled,
189,73,13,5,2026-02-09 09:15,Urgent,Completed,168
190,202,1,1,2026-02-09 14:30,New Patient,Completed,169
191,45,7,3,2026-02-09 09:30,Wellness/Annual,Completed,170
192,8,18,6,2026-02-09 14:15,Lab/Imaging Order,Completed,171
193,188,18,6,2026-02-09 12:15,Lab/Imaging Order,Completed,172
194,176,18,6,2026-02-09 10:15,Lab/Imaging Order,Completed,173
195,17,13,5,2026-02-09 12:30,Urgent,Completed,174
196,27,17,6,2026-02-09 16:30,Lab/Imaging Order,Completed,175
197,133,13,5,2026-02-09 12:45,Urgent,Completed,176
198,20,7,3,2026-02-10 12:15,Wellness/Annual,No-Show,
199,184,3,1,2026-02-10 11:45,New Patient,Completed,177
200,33,1,1,2026-02-10 10:15,Wellness/Annual,Completed,178
201,154,11,4,2026-02-10 08:30,Therapy Session,Completed,179
202,211,12,4,2026-02-10 10:30,Therapy Session,Cancelled,
203,153,14,5,2026-02-10 09:15,Urgent,Completed,180
204,154,9,3,2026-02-10 16:00,New Patient,No-Show,
205,139,15,5,2026-02-10 08:45,Urgent,Completed,181
206,195,12,4,2026-02-10 09:45,Therapy Session,No-Show,
207,220,7,3,2026-02-10 12:45,New Patient,Completed,182
208,40,7,3,2026-02-10 12:30,Follow-Up,Completed,183
209,124,12,4,2026-02-10 10:30,Therapy Session,Completed,184
210,201,14,5,2026-02-10 10:00,Urgent,Completed,185
211,154,14,5,2026-02-10 14:00,Urgent,Cancelled,
212,156,1,1,2026-02-10 14:45,New Patient,Completed,186
213,206,3,1,2026-02-10 12:15,Wellness/Annual,No-Show,
214,60,12,4,2026-02-11 10:00,Therapy Session,Completed,187
215,133,7,3,2026-02-11 09:00,New Patient,Completed,188
216,104,17,6,2026-02-11 08:30,Lab/Imaging Order,Completed,189
217,209,18,6,2026-02-11 12:45,Lab/Imaging Order,Completed,190
218,30,17,6,2026-02-11 12:00,Lab/Imaging Order,Completed,191
219,103,4,2,2026-02-11 13:00,Wellness/Annual,Completed,192
220,49,18,6,2026-02-11 15:15,Lab/Imaging Order,Completed,193
221,31,4,2,2026-02-11 15:00,New Patient,Completed,194
222,71,18,6,2026-02-11 15:15,Lab/Imaging Order,Completed,195
223,123,11,4,2026-02-11 16:00,Therapy Session,Completed,196
224,173,13,5,2026-02-11 11:45,Urgent,Completed,197
225,94,17,6,2026-02-11 10:45,Lab/Imaging Order,Completed,198
226,176,12,4,2026-02-11 11:00,Therapy Session,Completed,199
227,46,7,3,2026-02-11 15:15,Follow-Up,Completed,200
228,102,16,6,2026-02-11 09:15,Lab/Imaging Order,Cancelled,
229,215,14,5,2026-02-11 09:45,Urgent,Completed,201
230,156,6,2,2026-02-11 16:15,New Patient,Completed,202
231,162,11,4,2026-02-11 10:15,Therapy Session,Completed,203
232,168,5,2,2026-02-11 12:45,Follow-Up,Completed,204
233,170,1,1,2026-02-11 09:15,Follow-Up,Completed,205
234,196,15,5,2026-02-11 09:00,Urgent,Completed,206
235,8,1,1,2026-02-11 13:30,New Patient,Completed,207
236,192,12,4,2026-02-11 14:30,Therapy Session,Completed,208
237,3,5,2,2026-02-12 16:15,New Patient,Completed,209
238,153,14,5,2026-02-12 11:00,Urgent,Completed,210
239,109,1,1,2026-02-12 11:30,Wellness/Annual,Completed,211
240,117,6,2,2026-02-12 15:30,Wellness/Annual,Completed,212
241,73,1,1,2026-02-12 10:45,Follow-Up,Completed,213
242,96,8,3,2026-02-12 08:30,Follow-Up,No-Show,
243,15,13,5,2026-02-12 12:45,Urgent,Cancelled,
244,216,7,3,2026-02-12 14:00,Follow-Up,No-Show,
245,99,13,5,2026-02-12 15:15,Urgent,Completed,214
246,11,3,1,2026-02-12 16:00,Wellness/Annual,Completed,215
247,4,11,4,2026-02-12 10:30,Therapy Session,Completed,216
248,64,1,1,2026-02-12 15:00,New Patient,Completed,217
249,143,8,3,2026-02-12 13:45,Wellness/Annual,Completed,218
250,76,15,5,2026-02-12 16:45,Urgent,Completed,219
251,76,11,4,2026-02-12 12:30,Therapy Session,Completed,220
252,17,6,2,2026-02-12 16:45,Wellness/Annual,Completed,221
253,169,3,1,2026-02-12 08:15,New Patient,Completed,222
254,169,11,4,2026-02-12 15:30,Therapy Session,No-Show,
255,19,3,1,2026-02-12 11:45,New Patient,Completed,223
256,211,13,5,2026-02-12 12:00,Urgent,Completed,224
257,146,10,4,2026-02-13 10:45,Therapy Session,Completed,225
258,87,12,4,2026-02-13 10:45,Therapy Session,Completed,226
259,140,12,4,2026-02-13 11:45,Therapy Session,Completed,227
260,5,18,6,2026-02-13 16:15,Lab/Imaging Order,Completed,228
261,211,15,5,2026-02-13 12:15,Urgent,Cancelled,
262,36,7,3,2026-02-13 13:15,Follow-Up,Cancelled,
263,147,13,5,2026-02-13 14:15,Urgent,Completed,229
264,98,15,5,2026-02-13 09:00,Urgent,Completed,230
265,11,3,1,2026-02-13 16:15,Follow-Up,Completed,231
266,38,8,3,2026-02-13 13:00,New Patient,Completed,232
267,34,9,3,2026-02-13 15:15,New Patient,Completed,233
268,23,6,2,2026-02-13 14:45,New Patient,Completed,234
269,160,11,4,2026-02-13 10:45,Therapy Session,No-Show,
270,176,13,5,2026-02-13 13:15,Urgent,Completed,235
271,79,13,5,2026-02-13 15:45,Urgent,No-Show,
272,55,3,1,2026-02-13 16:30,New Patient,Completed,236
273,52,2,1,2026-02-13 12:00,Wellness/Annual,Completed,237
274,99,18,6,2026-02-16 11:45,Lab/Imaging Order,Completed,238
275,183,18,6,2026-02-16 08:00,Lab/Imaging Order,Completed,239
276,91,5,2,2026-02-16 12:15,Wellness/Annual,Completed,240
277,39,16,6,2026-02-16 13:45,Lab/Imaging Order,Completed,241
278,85,18,6,2026-02-16 15:15,Lab/Imaging Order,Completed,242
279,168,16,6,2026-02-16 10:30,Lab/Imaging Order,Cancelled,
280,31,12,4,2026-02-16 10:30,Therapy Session,Completed,243
281,190,15,5,2026-02-16 12:15,Urgent,Completed,244
282,21,14,5,2026-02-16 15:15,Urgent,Completed,245
283,105,1,1,2026-02-16 12:45,New Patient,Completed,246
284,110,16,6,2026-02-16 14:00,Lab/Imaging Order,Completed,247
285,63,7,3,2026-02-16 16:45,Wellness/Annual,Completed,248
286,199,5,2,2026-02-16 15:15,Follow-Up,Completed,249
287,179,3,1,2026-02-16 10:45,Wellness/Annual,Completed,250
288,178,2,1,2026-02-16 10:00,Wellness/Annual,Cancelled,
289,93,15,5,2026-02-16 09:45,Urgent,Completed,251
290,39,12,4,2026-02-16 10:15,Therapy Session,Cancelled,
291,79,14,5,2026-02-16 12:45,Urgent,Completed,252
292,156,10,4,2026-02-17 15:15,Therapy Session,Completed,253
293,159,17,6,2026-02-17 16:15,Lab/Imaging Order,Cancelled,
294,90,3,1,2026-02-17 10:00,New Patient,Completed,254
295,173,16,6,2026-02-17 12:15,Lab/Imaging Order,Completed,255
296,195,16,6,2026-02-17 14:00,Lab/Imaging Order,Completed,256
297,157,1,1,2026-02-17 09:00,New Patient,Completed,257
298,134,11,4,2026-02-17 15:45,Therapy Session,Completed,258
299,189,7,3,2026-02-17 14:45,New Patient,No-Show,
300,55,6,2,2026-02-17 11:30,New Patient,Completed,259
301,146,6,2,2026-02-17 08:15,Wellness/Annual,Completed,260
302,86,12,4,2026-02-17 15:45,Therapy Session,Completed,261
303,205,11,4,2026-02-17 13:00,Therapy Session,Completed,262
304,153,10,4,2026-02-17 09:30,Therapy Session,Completed,263
305,56,5,2,2026-02-17 12:15,Wellness/Annual,Cancelled,
306,24,13,5,2026-02-17 15:00,Urgent,Completed,264
307,211,1,1,2026-02-17 10:15,Wellness/Annual,Completed,265
308,120,17,6,2026-02-17 08:00,Lab/Imaging Order,Completed,266
309,82,6,2,2026-02-17 09:30,Follow-Up,Completed,267
310,181,4,2,2026-02-17 11:15,Follow-Up,Cancelled,
311,139,11,4,2026-02-17 15:00,Therapy Session,No-Show,
312,13,9,3,2026-02-17 14:00,New Patient,No-Show,
313,152,3,1,2026-02-18 15:30,Wellness/Annual,Completed,268
314,120,15,5,2026-02-18 09:45,Urgent,Completed,269
315,171,6,2,2026-02-18 13:45,Follow-Up,Completed,270
316,155,5,2,2026-02-18 10:00,Wellness/Annual,Completed,271
317,159,10,4,2026-02-18 11:15,Therapy Session,Completed,272
318,140,11,4,2026-02-18 11:15,Therapy Session,Completed,273
319,46,11,4,2026-02-18 12:45,Therapy Session,No-Show,
320,198,3,1,2026-02-18 13:45,Follow-Up,Completed,274
321,137,14,5,2026-02-18 12:45,Urgent,Completed,275
322,131,12,4,2026-02-18 14:15,Therapy Session,Completed,276
323,61,16,6,2026-02-18 14:45,Lab/Imaging Order,Completed,277
324,143,7,3,2026-02-18 13:45,Follow-Up,No-Show,
325,33,18,6,2026-02-18 10:00,Lab/Imaging Order,Cancelled,
326,125,3,1,2026-02-18 14:15,Wellness/Annual,No-Show,
327,117,14,5,2026-02-18 14:15,Urgent,Completed,278
328,217,2,1,2026-02-18 11:30,Wellness/Annual,Completed,279
329,177,2,1,2026-02-18 10:30,New Patient,Completed,280
330,157,14,5,2026-02-18 08:30,Urgent,Completed,281
331,178,4,2,2026-02-18 12:30,Wellness/Annual,No-Show,
332,147,7,3,2026-02-18 12:00,New Patient,Completed,282
333,4,5,2,2026-02-19 09:15,Wellness/Annual,Completed,283
334,9,3,1,2026-02-19 09:15,Follow-Up,Completed,284
335,216,3,1,2026-02-19 08:30,Follow-Up,Completed,285
336,60,9,3,2026-02-19 14:45,Follow-Up,Completed,286
337,11,18,6,2026-02-19 09:30,Lab/Imaging Order,Completed,287
338,101,6,2,2026-02-19 11:15,Follow-Up,Completed,288
339,176,1,1,2026-02-19 13:15,Follow-Up,Completed,289
340,214,18,6,2026-02-19 11:00,Lab/Imaging Order,Completed,290
341,76,14,5,2026-02-19 15:00,Urgent,Completed,291
342,100,14,5,2026-02-19 13:00,Urgent,Completed,292
343,37,13,5,2026-02-19 16:45,Urgent,Completed,293
344,5,14,5,2026-02-19 15:15,Urgent,Completed,294
345,198,3,1,2026-02-19 15:45,Follow-Up,Completed,295
346,86,11,4,2026-02-19 12:45,Therapy Session,No-Show,
347,24,18,6,2026-02-19 13:30,Lab/Imaging Order,Cancelled,
348,166,8,3,2026-02-19 10:00,New Patient,Completed,296
349,189,17,6,2026-02-19 11:15,Lab/Imaging Order,No-Show,
350,62,3,1,2026-02-19 14:00,Follow-Up,Completed,297
351,104,13,5,2026-02-20 09:15,Urgent,Completed,298
352,121,7,3,2026-02-20 08:15,Wellness/Annual,Completed,299
353,17,12,4,2026-02-20 09:00,Therapy Session,Completed,300
354,148,6,2,2026-02-20 10:30,Wellness/Annual,Completed,301
355,44,2,1,2026-02-20 13:15,Wellness/Annual,Completed,302
356,21,2,1,2026-02-20 08:15,New Patient,Completed,303
357,116,15,5,2026-02-20 14:15,Urgent,Completed,304
358,143,4,2,2026-02-20 11:00,New Patient,Completed,305
359,204,1,1,2026-02-20 15:45,New Patient,Completed,306
360,12,5,2,2026-02-20 08:15,New Patient,Completed,307
361,51,11,4,2026-02-20 13:15,Therapy Session,Completed,308
362,121,16,6,2026-02-20 15:00,Lab/Imaging Order,Completed,309
363,162,7,3,2026-02-20 12:15,Follow-Up,Completed,310
364,195,7,3,2026-02-20 11:30,Follow-Up,Completed,311
365,72,11,4,2026-02-20 08:45,Therapy Session,Completed,312
366,2,18,6,2026-02-20 14:00,Lab/Imaging Order,Cancelled,
367,9,9,3,2026-02-20 16:45,Follow-Up,Completed,313
368,92,16,6,2026-02-20 12:15,Lab/Imaging Order,Completed,314
369,117,13,5,2026-02-20 15:15,Urgent,Completed,315
370,179,5,2,2026-02-23 16:15,Wellness/Annual,Completed,316
371,120,2,1,2026-02-23 08:30,Wellness/Annual,Completed,317
372,189,2,1,2026-02-23 11:15,Wellness/Annual,Completed,318
373,129,5,2,2026-02-23 09:45,Wellness/Annual,Completed,319
374,46,2,1,2026-02-23 09:00,Follow-Up,Completed,320
375,139,9,3,2026-02-23 15:30,New Patient,Completed,321
376,149,14,5,2026-02-23 13:30,Urgent,Completed,322
377,59,2,1,2026-02-23 13:30,Follow-Up,Completed,323
378,138,18,6,2026-02-23 12:15,Lab/Imaging Order,Completed,324
379,95,2,1,2026-02-23 11:00,New Patient,Completed,325
380,104,4,2,2026-02-23 10:45,Follow-Up,Completed,326
381,187,15,5,2026-02-23 15:30,Urgent,Completed,327
382,92,17,6,2026-02-23 09:30,Lab/Imaging Order,Cancelled,
383,135,15,5,2026-02-23 11:30,Urgent,Completed,328
384,171,10,4,2026-02-24 13:45,Therapy Session,No-Show,
385,99,17,6,2026-02-24 13:00,Lab/Imaging Order,Completed,329
386,42,14,5,2026-02-24 14:45,Urgent,Completed,330
387,194,18,6,2026-02-24 14:00,Lab/Imaging Order,No-Show,
388,107,14,5,2026-02-24 10:45,Urgent,Completed,331
389,214,14,5,2026-02-24 12:45,Urgent,Completed,332
390,107,14,5,2026-02-24 10:45,Urgent,Completed,333
391,67,8,3,2026-02-24 15:00,Wellness/Annual,Completed,334
392,35,6,2,2026-02-24 10:00,Follow-Up,Completed,335
393,47,3,1,2026-02-24 10:30,New Patient,Completed,336
394,73,3,1,2026-02-24 15:45,Follow-Up,Completed,337
395,158,15,5,2026-02-24 16:00,Urgent,Completed,338
396,153,2,1,2026-02-24 13:15,Wellness/Annual,Completed,339
397,21,1,1,2026-02-24 09:00,Follow-Up,No-Show,
398,11,8,3,2026-02-24 09:00,New Patient,Completed,340
399,3,3,1,2026-02-24 09:15,New Patient,Completed,341
400,91,17,6,2026-02-24 10:15,Lab/Imaging Order,Completed,342
401,2,18,6,2026-02-24 09:15,Lab/Imaging Order,Completed,343
402,55,17,6,2026-02-24 16:15,Lab/Imaging Order,Completed,344
403,74,15,5,2026-02-24 16:00,Urgent,Cancelled,
404,73,8,3,2026-02-24 12:45,Follow-Up,Cancelled,
405,49,8,3,2026-02-24 15:30,New Patient,No-Show,
406,173,17,6,2026-02-24 09:45,Lab/Imaging Order,Completed,345
407,87,4,2,2026-02-25 14:00,New Patient,Completed,346
408,125,14,5,2026-02-25 16:30,Urgent,Completed,347
409,213,1,1,2026-02-25 15:00,New Patient,Completed,348
410,197,15,5,2026-02-25 15:45,Urgent,Completed,349
411,99,16,6,2026-02-25 15:30,Lab/Imaging Order,Completed,350
412,80,7,3,2026-02-25 14:45,Wellness/Annual,Completed,351
413,127,2,1,2026-02-25 14:30,Wellness/Annual,Completed,352
414,208,17,6,2026-02-25 08:30,Lab/Imaging Order,Completed,353
415,80,6,2,2026-02-25 09:00,Wellness/Annual,Completed,354
416,146,8,3,2026-02-25 14:30,Wellness/Annual,No-Show,
417,82,7,3,2026-02-25 14:30,Follow-Up,Completed,355
418,112,11,4,2026-02-25 11:45,Therapy Session,Completed,356
419,206,17,6,2026-02-25 11:00,Lab/Imaging Order,Completed,357
420,167,1,1,2026-02-25 16:30,Follow-Up,Completed,358
421,196,12,4,2026-02-25 16:15,Therapy Session,Completed,359
422,145,11,4,2026-02-26 08:15,Therapy Session,Completed,360
423,163,16,6,2026-02-26 11:45,Lab/Imaging Order,Completed,361
424,63,1,1,2026-02-26 15:45,Follow-Up,Completed,362
425,169,2,1,2026-02-26 10:00,Wellness/Annual,Completed,363
426,94,17,6,2026-02-26 09:45,Lab/Imaging Order,Completed,364
427,154,16,6,2026-02-26 09:30,Lab/Imaging Order,Completed,365
428,113,2,1,2026-02-26 12:00,Follow-Up,Completed,366
429,93,16,6,2026-02-26 15:30,Lab/Imaging Order,Completed,367
430,180,6,2,2026-02-26 09:15,Follow-Up,Completed,368
431,113,4,2,2026-02-26 13:45,Wellness/Annual,Completed,369
432,212,16,6,2026-02-26 10:30,Lab/Imaging Order,Completed,370
433,35,12,4,2026-02-26 08:45,Therapy Session,Cancelled,
434,22,6,2,2026-02-26 10:15,New Patient,Completed,371
435,152,6,2,2026-02-26 12:15,Follow-Up,Cancelled,
436,97,5,2,2026-02-26 11:00,Wellness/Annual,Completed,372
437,13,13,5,2026-02-26 14:45,Urgent,Completed,373
438,31,14,5,2026-02-26 11:15,Urgent,Completed,374
439,187,11,4,2026-02-26 11:45,Therapy Session,Cancelled,
440,75,13,5,2026-02-26 12:15,Urgent,Completed,375
441,102,18,6,2026-02-26 11:45,Lab/Imaging Order,Completed,376
442,121,4,2,2026-02-26 08:00,Follow-Up,Completed,377
443,67,1,1,2026-02-26 16:45,New Patient,Completed,378
444,12,5,2,2026-02-26 15:30,New Patient,Completed,379
445,189,17,6,2026-02-26 15:15,Lab/Imaging Order,Completed,380
446,42,2,1,2026-02-26 15:45,Wellness/Annual,Cancelled,
447,11,17,6,2026-02-26 15:30,Lab/Imaging Order,Completed,381
448,47,2,1,2026-02-27 16:30,New Patient,Completed,382
449,25,15,5,2026-02-27 13:00,Urgent,Completed,383
450,169,3,1,2026-02-27 15:30,Follow-Up,Completed,384
451,73,18,6,2026-02-27 13:00,Lab/Imaging Order,Completed,385
452,23,5,2,2026-02-27 11:15,New Patient,Completed,386
453,176,14,5,2026-02-27 10:30,Urgent,Completed,387
454,24,11,4,2026-02-27 14:30,Therapy Session,Completed,388
455,176,15,5,2026-02-27 10:45,Urgent,Completed,389
456,176,1,1,2026-02-27 11:45,Follow-Up,Completed,390
457,119,7,3,2026-02-27 12:30,Wellness/Annual,Completed,391
458,22,16,6,2026-02-27 14:30,Lab/Imaging Order,Completed,392
459,67,3,1,2026-02-27 09:45,Wellness/Annual,Completed,393
460,191,15,5,2026-02-27 15:30,Urgent,Completed,394
461,179,1,1,2026-02-27 08:15,New Patient,Completed,395
462,6,2,1,2026-02-27 10:15,New Patient,Completed,396
463,14,5,2,2026-02-27 08:00,Follow-Up,Completed,397
464,186,9,3,2026-02-27 15:15,Wellness/Annual,Completed,398
465,122,17,6,2026-02-27 09:45,Lab/Imaging Order,Completed,399
466,60,8,3,2026-02-27 11:30,Wellness/Annual,Completed,400
467,160,16,6,2026-03-02 11:30,Lab/Imaging Order,Completed,401
468,127,8,3,2026-03-02 11:15,Follow-Up,Completed,402
469,87,1,1,2026-03-02 09:15,Follow-Up,Cancelled,
470,88,2,1,2026-03-02 08:30,Follow-Up,Completed,403
471,157,18,6,2026-03-02 09:00,Lab/Imaging Order,Completed,404
472,188,14,5,2026-03-02 09:15,Urgent,Completed,405
473,88,17,6,2026-03-02 12:15,Lab/Imaging Order,Cancelled,
474,93,5,2,2026-03-02 11:15,Wellness/Annual,Completed,406
475,204,18,6,2026-03-02 13:00,Lab/Imaging Order,Completed,407
476,112,16,6,2026-03-02 08:45,Lab/Imaging Order,Completed,408
477,191,18,6,2026-03-02 13:30,Lab/Imaging Order,No-Show,
478,157,6,2,2026-03-02 14:45,New Patient,Completed,409
479,86,3,1,2026-03-02 10:30,Follow-Up,Completed,410
480,152,18,6,2026-03-02 12:15,Lab/Imaging Order,Completed,411
481,194,4,2,2026-03-02 09:45,Wellness/Annual,Completed,412
482,201,6,2,2026-03-02 10:45,Wellness/Annual,Completed,413
483,213,2,1,2026-03-02 09:00,Follow-Up,No-Show,
484,55,17,6,2026-03-02 15:00,Lab/Imaging Order,Completed,414
485,126,18,6,2026-03-02 14:15,Lab/Imaging Order,Completed,415
486,192,7,3,2026-03-02 16:30,New Patient,Completed,416
487,40,6,2,2026-03-02 13:30,New Patient,Completed,417
488,73,8,3,2026-03-02 10:45,New Patient,No-Show,
489,12,10,4,2026-03-02 14:45,Therapy Session,Completed,418
490,195,8,3,2026-03-02 15:15,Follow-Up,Completed,419
491,114,12,4,2026-03-02 12:00,Therapy Session,Completed,420
492,148,18,6,2026-03-02 08:15,Lab/Imaging Order,Completed,421
493,114,15,5,2026-03-03 09:30,Urgent,Completed,422
494,24,5,2,2026-03-03 09:15,New Patient,Completed,423
495,47,2,1,2026-03-03 08:30,New Patient,Completed,424
496,193,1,1,2026-03-03 11:45,Wellness/Annual,Completed,425
497,124,10,4,2026-03-03 08:45,Therapy Session,Completed,426
498,22,11,4,2026-03-03 16:15,Therapy Session,Completed,427
499,209,7,3,2026-03-03 12:15,Follow-Up,No-Show,
500,70,17,6,2026-03-03 12:45,Lab/Imaging Order,Completed,428
501,32,3,1,2026-03-03 16:30,New Patient,Completed,429
502,88,5,2,2026-03-03 15:30,New Patient,No-Show,
503,1,15,5,2026-03-03 15:00,Urgent,Completed,430
504,114,12,4,2026-03-03 09:30,Therapy Session,Completed,431
505,114,7,3,2026-03-03 11:00,New Patient,Completed,432
506,72,16,6,2026-03-03 15:15,Lab/Imaging Order,No-Show,
507,102,18,6,2026-03-03 09:30,Lab/Imaging Order,Completed,433
508,220,3,1,2026-03-03 16:30,New Patient,Completed,434
509,111,17,6,2026-03-03 14:30,Lab/Imaging Order,Completed,435
510,137,5,2,2026-03-04 13:00,Follow-Up,Completed,436
511,80,2,1,2026-03-04 09:00,New Patient,Completed,437
512,214,5,2,2026-03-04 13:15,New Patient,Completed,438
513,97,16,6,2026-03-04 13:00,Lab/Imaging Order,Completed,439
514,144,1,1,2026-03-04 12:45,New Patient,Completed,440
515,159,15,5,2026-03-04 09:30,Urgent,Completed,441
516,152,10,4,2026-03-04 11:15,Therapy Session,Completed,442
517,16,4,2,2026-03-04 12:45,New Patient,Completed,443
518,3,5,2,2026-03-04 10:00,Wellness/Annual,Completed,444
519,49,14,5,2026-03-04 15:45,Urgent,Completed,445
520,127,1,1,2026-03-04 08:15,New Patient,Completed,446
521,212,1,1,2026-03-04 13:00,New Patient,No-Show,
522,37,1,1,2026-03-04 15:15,Follow-Up,Completed,447
523,185,2,1,2026-03-04 13:15,New Patient,Completed,448
524,87,13,5,2026-03-05 11:30,Urgent,Completed,449
525,137,13,5,2026-03-05 14:30,Urgent,Completed,450
526,33,2,1,2026-03-05 15:15,Wellness/Annual,Completed,451
527,119,6,2,2026-03-05 13:30,New Patient,Completed,452
528,57,13,5,2026-03-05 11:45,Urgent,Completed,453
529,76,1,1,2026-03-05 16:30,Follow-Up,Completed,454
530,82,8,3,2026-03-05 14:00,Follow-Up,No-Show,
531,20,6,2,2026-03-05 09:30,Follow-Up,Completed,455
532,140,1,1,2026-03-05 13:15,New Patient,Completed,456
533,198,16,6,2026-03-05 12:30,Lab/Imaging Order,Completed,457
534,192,6,2,2026-03-05 15:15,New Patient,Completed,458
535,107,9,3,2026-03-05 15:45,New Patient,Completed,459
536,87,14,5,2026-03-05 11:45,Urgent,Completed,460
537,146,2,1,2026-03-05 14:45,Wellness/Annual,Completed,461
538,164,11,4,2026-03-05 12:00,Therapy Session,Cancelled,
539,9,13,5,2026-03-05 15:00,Urgent,Completed,462
540,3,3,1,2026-03-05 13:45,New Patient,Completed,463
541,80,1,1,2026-03-05 15:15,Follow-Up,Completed,464
542,17,17,6,2026-03-05 14:15,Lab/Imaging Order,Completed,465
543,89,5,2,2026-03-05 12:45,Wellness/Annual,Completed,466
544,47,6,2,2026-03-05 09:45,Wellness/Annual,Completed,467
545,56,15,5,2026-03-05 15:45,Urgent,Completed,468
546,12,6,2,2026-03-05 08:00,Follow-Up,Completed,469
547,182,1,1,2026-03-05 13:45,New Patient,Completed,470
548,156,1,1,2026-03-06 10:30,New Patient,Cancelled,
549,20,13,5,2026-03-06 08:30,Urgent,Completed,471
550,14,14,5,2026-03-06 08:00,Urgent,Completed,472
551,87,1,1,2026-03-06 09:15,New Patient,Completed,473
552,49,6,2,2026-03-06 11:45,Wellness/Annual,Completed,474
553,81,3,1,2026-03-06 14:15,New Patient,Completed,475
554,128,6,2,2026-03-06 16:15,New Patient,Completed,476
555,82,15,5,2026-03-06 15:00,Urgent,Completed,477
556,80,1,1,2026-03-06 14:15,New Patient,Completed,478
557,10,6,2,2026-03-06 15:30,New Patient,Completed,479
558,139,4,2,2026-03-06 11:15,New Patient,Completed,480
559,50,16,6,2026-03-06 08:15,Lab/Imaging Order,Completed,481
560,43,14,5,2026-03-06 11:15,Urgent,Completed,482
561,102,17,6,2026-03-06 14:15,Lab/Imaging Order,Completed,483
562,195,7,3,2026-03-06 16:15,Follow-Up,Completed,484
563,124,6,2,2026-03-06 13:15,New Patient,Completed,485
564,191,17,6,2026-03-09 13:45,Lab/Imaging Order,Completed,486
565,66,2,1,2026-03-09 13:45,Wellness/Annual,Completed,487
566,162,2,1,2026-03-09 08:15,Wellness/Annual,Completed,488
567,165,1,1,2026-03-09 14:45,Wellness/Annual,Completed,489
568,137,15,5,2026-03-09 14:30,Urgent,Completed,490
569,44,13,5,2026-03-09 15:00,Urgent,Cancelled,
570,135,14,5,2026-03-09 14:30,Urgent,Completed,491
571,146,17,6,2026-03-09 11:15,Lab/Imaging Order,Completed,492
572,97,1,1,2026-03-09 12:00,New Patient,Completed,493
573,171,4,2,2026-03-09 08:00,Wellness/Annual,Completed,494
574,175,8,3,2026-03-09 13:15,Follow-Up,Completed,495
575,103,9,3,2026-03-09 10:00,Wellness/Annual,Completed,496
576,1,7,3,2026-03-09 13:00,Wellness/Annual,Completed,497
577,90,13,5,2026-03-09 14:45,Urgent,Completed,498
578,78,7,3,2026-03-09 16:45,Wellness/Annual,No-Show,
579,124,7,3,2026-03-09 16:15,Wellness/Annual,Cancelled,
580,180,3,1,2026-03-09 09:45,New Patient,Completed,499
581,32,15,5,2026-03-09 10:45,Urgent,Cancelled,
582,148,13,5,2026-03-09 09:30,Urgent,Completed,500
583,23,4,2,2026-03-09 11:00,Follow-Up,Completed,501
584,109,2,1,2026-03-10 13:15,Follow-Up,Completed,502
585,38,17,6,2026-03-10 12:15,Lab/Imaging Order,Completed,503
586,32,9,3,2026-03-10 15:15,Follow-Up,Completed,504
587,220,16,6,2026-03-10 15:45,Lab/Imaging Order,Completed,505
588,19,14,5,2026-03-10 16:30,Urgent,Completed,506
589,148,7,3,2026-03-10 15:45,New Patient,Completed,507
590,97,1,1,2026-03-10 10:00,Follow-Up,Cancelled,
591,14,16,6,2026-03-10 09:30,Lab/Imaging Order,Completed,508
592,153,9,3,2026-03-10 14:00,New Patient,Completed,509
593,165,2,1,2026-03-10 16:15,Wellness/Annual,No-Show,
594,123,12,4,2026-03-10 12:00,Therapy Session,Completed,510
595,204,6,2,2026-03-10 10:45,Wellness/Annual,Completed,511
596,47,16,6,2026-03-10 10:00,Lab/Imaging Order,Completed,512
597,218,2,1,2026-03-10 09:00,New Patient,Completed,513
598,201,3,1,2026-03-10 16:45,Follow-Up,Cancelled,
599,134,8,3,2026-03-10 16:15,Follow-Up,Completed,514
600,142,18,6,2026-03-10 11:30,Lab/Imaging Order,Completed,515
601,66,7,3,2026-03-10 14:15,Wellness/Annual,Completed,516
602,202,14,5,2026-03-10 14:45,Urgent,No-Show,
603,70,10,4,2026-03-10 09:00,Therapy Session,Completed,517
604,71,1,1,2026-03-10 09:45,New Patient,Completed,518
605,25,14,5,2026-03-10 16:30,Urgent,Completed,519
606,174,6,2,2026-03-11 16:45,Wellness/Annual,Completed,520
607,14,11,4,2026-03-11 13:15,Therapy Session,Completed,521
608,134,5,2,2026-03-11 11:30,Wellness/Annual,Completed,522
609,43,13,5,2026-03-11 08:00,Urgent,Completed,523
610,137,15,5,2026-03-11 09:45,Urgent,No-Show,
611,2,3,1,2026-03-11 14:30,Wellness/Annual,Completed,524
612,132,1,1,2026-03-11 08:45,Follow-Up,Completed,525
613,68,5,2,2026-03-11 08:45,New Patient,Completed,526
614,118,6,2,2026-03-11 12:30,Follow-Up,Cancelled,
615,48,6,2,2026-03-11 13:00,Follow-Up,Cancelled,
616,136,7,3,2026-03-11 10:45,Wellness/Annual,No-Show,
617,197,7,3,2026-03-11 12:15,Wellness/Annual,Completed,527
618,215,18,6,2026-03-11 15:15,Lab/Imaging Order,Completed,528
619,108,2,1,2026-03-11 13:00,Wellness/Annual,Completed,529
620,183,9,3,2026-03-11 13:45,New Patient,Completed,530
621,197,4,2,2026-03-11 11:00,Wellness/Annual,Completed,531
622,64,2,1,2026-03-12 10:15,Wellness/Annual,Completed,532
623,157,15,5,2026-03-12 10:15,Urgent,Completed,533
624,110,16,6,2026-03-12 08:15,Lab/Imaging Order,Cancelled,
625,135,2,1,2026-03-12 11:15,Follow-Up,Completed,534
626,183,5,2,2026-03-12 11:30,Follow-Up,Completed,535
627,26,9,3,2026-03-12 10:30,Follow-Up,Completed,536
628,85,13,5,2026-03-12 13:30,Urgent,Completed,537
629,162,16,6,2026-03-12 09:00,Lab/Imaging Order,Completed,538
630,137,13,5,2026-03-12 10:00,Urgent,Completed,539
631,135,2,1,2026-03-12 08:15,Wellness/Annual,Completed,540
632,20,15,5,2026-03-12 10:45,Urgent,Completed,541
633,179,12,4,2026-03-12 08:45,Therapy Session,Completed,542
634,12,1,1,2026-03-12 11:30,Wellness/Annual,No-Show,
635,35,2,1,2026-03-12 08:15,Follow-Up,Completed,543
636,141,3,1,2026-03-12 10:45,Follow-Up,Completed,544
637,138,1,1,2026-03-12 09:45,Wellness/Annual,Completed,545
638,207,3,1,2026-03-12 10:45,Follow-Up,Completed,546
639,49,7,3,2026-03-12 15:15,Wellness/Annual,Completed,547
640,63,2,1,2026-03-12 14:00,Follow-Up,Completed,548
641,12,15,5,2026-03-12 10:15,Urgent,Completed,549
642,195,2,1,2026-03-12 15:15,Wellness/Annual,Completed,550
643,27,1,1,2026-03-13 12:00,Wellness/Annual,Completed,551
644,168,5,2,2026-03-13 11:45,Follow-Up,Completed,552
645,86,6,2,2026-03-13 13:00,New Patient,Completed,553
646,39,2,1,2026-03-13 12:30,Wellness/Annual,Completed,554
647,200,16,6,2026-03-13 10:30,Lab/Imaging Order,Completed,555
648,33,2,1,2026-03-13 14:30,New Patient,Completed,556
649,138,8,3,2026-03-13 15:15,Wellness/Annual,Completed,557
650,93,1,1,2026-03-13 15:15,Wellness/Annual,Completed,558
651,108,18,6,2026-03-13 11:15,Lab/Imaging Order,Completed,559
652,28,6,2,2026-03-13 09:45,Wellness/Annual,Completed,560
653,213,3,1,2026-03-13 10:15,Follow-Up,Completed,561
654,4,15,5,2026-03-13 12:00,Urgent,Completed,562
655,142,14,5,2026-03-13 12:30,Urgent,Completed,563
656,101,10,4,2026-03-13 10:00,Therapy Session,Completed,564
657,109,15,5,2026-03-13 11:30,Urgent,Cancelled,
658,8,5,2,2026-03-16 12:15,New Patient,Completed,565
659,146,4,2,2026-03-16 08:45,Wellness/Annual,No-Show,
660,3,5,2,2026-03-16 12:45,Follow-Up,Completed,566
661,26,18,6,2026-03-16 16:15,Lab/Imaging Order,No-Show,
662,151,14,5,2026-03-16 08:30,Urgent,Completed,567
663,156,12,4,2026-03-16 16:30,Therapy Session,Completed,568
664,100,18,6,2026-03-16 11:15,Lab/Imaging Order,Completed,569
665,141,14,5,2026-03-16 09:45,Urgent,Cancelled,
666,42,5,2,2026-03-16 12:30,New Patient,Completed,570
667,32,13,5,2026-03-16 15:00,Urgent,Completed,571
668,130,2,1,2026-03-16 12:00,Follow-Up,Completed,572
669,219,2,1,2026-03-16 11:45,New Patient,Completed,573
670,28,3,1,2026-03-16 14:15,Follow-Up,Completed,574
671,140,4,2,2026-03-16 15:15,New Patient,Completed,575
672,14,16,6,2026-03-16 11:00,Lab/Imaging Order,Completed,576
673,183,8,3,2026-03-17 14:15,Follow-Up,Completed,577
674,108,2,1,2026-03-17 15:15,Follow-Up,Completed,578
675,158,15,5,2026-03-17 10:30,Urgent,Completed,579
676,105,3,1,2026-03-17 16:00,Follow-Up,Completed,580
677,154,13,5,2026-03-17 14:15,Urgent,Completed,581
678,180,7,3,2026-03-17 15:45,Follow-Up,Completed,582
679,142,7,3,2026-03-17 10:45,Wellness/Annual,Completed,583
680,27,11,4,2026-03-17 15:00,Therapy Session,Completed,584
681,98,15,5,2026-03-17 09:15,Urgent,Completed,585
682,169,8,3,2026-03-17 12:45,Follow-Up,Completed,586
683,210,18,6,2026-03-17 13:30,Lab/Imaging Order,Completed,587
684,110,15,5,2026-03-17 10:45,Urgent,Completed,588
685,148,9,3,2026-03-17 12:15,Follow-Up,Completed,589
686,182,3,1,2026-03-17 09:45,Wellness/Annual,No-Show,
687,163,14,5,2026-03-17 13:15,Urgent,Completed,590
688,161,1,1,2026-03-17 09:00,New Patient,Completed,591
689,217,2,1,2026-03-17 11:45,Follow-Up,Cancelled,
690,19,14,5,2026-03-17 15:00,Urgent,Completed,592
691,219,12,4,2026-03-18 08:00,Therapy Session,Completed,593
692,138,1,1,2026-03-18 16:15,New Patient,Completed,594
693,33,3,1,2026-03-18 12:45,Follow-Up,Completed,595
694,65,16,6,2026-03-18 10:15,Lab/Imaging Order,Completed,596
695,109,8,3,2026-03-18 12:30,Wellness/Annual,Completed,597
696,116,16,6,2026-03-18 10:00,Lab/Imaging Order,Completed,598
697,208,1,1,2026-03-18 14:15,Follow-Up,Completed,599
698,3,3,1,2026-03-18 13:15,Wellness/Annual,Completed,600
699,72,3,1,2026-03-18 09:45,Wellness/Annual,Completed,601
700,108,8,3,2026-03-18 09:45,New Patient,No-Show,
701,61,5,2,2026-03-18 08:30,Wellness/Annual,No-Show,
702,2,15,5,2026-03-18 15:30,Urgent,Completed,602
703,186,2,1,2026-03-18 12:30,Follow-Up,Completed,603
704,127,5,2,2026-03-18 09:30,Wellness/Annual,Completed,604
705,186,18,6,2026-03-18 14:15,Lab/Imaging Order,Completed,605
706,20,2,1,2026-03-18 13:45,Follow-Up,Completed,606
707,164,14,5,2026-03-18 15:00,Urgent,Completed,607
708,183,5,2,2026-03-18 13:15,New Patient,Completed,608
709,210,14,5,2026-03-18 14:15,Urgent,Completed,609
710,57,1,1,2026-03-18 14:45,Follow-Up,Completed,610
711,148,2,1,2026-03-18 09:15,Wellness/Annual,Completed,611
712,136,3,1,2026-03-18 13:30,Follow-Up,Cancelled,
713,111,11,4,2026-03-18 11:15,Therapy Session,Completed,612
714,98,3,1,2026-03-18 14:15,Wellness/Annual,Completed,613
715,29,1,1,2026-03-19 09:00,New Patient,Completed,614
716,180,6,2,2026-03-19 14:45,Wellness/Annual,Completed,615
717,153,15,5,2026-03-19 12:00,Urgent,Cancelled,
718,160,9,3,2026-03-19 12:15,Follow-Up,No-Show,
719,48,13,5,2026-03-19 13:45,Urgent,Completed,616
720,153,1,1,2026-03-19 15:00,Follow-Up,Completed,617
721,194,10,4,2026-03-19 10:00,Therapy Session,No-Show,
722,116,14,5,2026-03-19 15:30,Urgent,Completed,618
723,199,15,5,2026-03-19 15:00,Urgent,Completed,619
724,190,3,1,2026-03-19 14:30,Wellness/Annual,Completed,620
725,90,3,1,2026-03-19 14:45,Follow-Up,Completed,621
726,146,2,1,2026-03-19 12:00,Follow-Up,Completed,622
727,78,10,4,2026-03-19 15:30,Therapy Session,No-Show,
728,11,5,2,2026-03-19 12:00,New Patient,No-Show,
729,91,5,2,2026-03-19 08:00,Wellness/Annual,Completed,623
730,75,7,3,2026-03-19 08:45,New Patient,Completed,624
731,145,10,4,2026-03-19 14:30,Therapy Session,Completed,625
732,146,5,2,2026-03-19 15:15,Wellness/Annual,Completed,626
733,108,5,2,2026-03-19 15:00,Follow-Up,Completed,627
734,33,11,4,2026-03-19 16:30,Therapy Session,No-Show,
735,104,16,6,2026-03-19 08:45,Lab/Imaging Order,Completed,628
736,211,4,2,2026-03-19 15:30,Follow-Up,Completed,629
737,35,14,5,2026-03-19 11:15,Urgent,Completed,630
738,134,10,4,2026-03-19 09:15,Therapy Session,Cancelled,
739,114,3,1,2026-03-20 08:00,Follow-Up,Completed,631
740,163,1,1,2026-03-20 10:15,New Patient,Completed,632
741,127,15,5,2026-03-20 13:30,Urgent,Completed,633
742,100,9,3,2026-03-20 12:00,New Patient,Completed,634
743,92,4,2,2026-03-20 16:15,Wellness/Annual,Completed,635
744,220,6,2,2026-03-20 12:30,New Patient,Completed,636
745,199,15,5,2026-03-20 16:30,Urgent,Completed,637
746,28,6,2,2026-03-20 15:30,Follow-Up,Completed,638
747,10,10,4,2026-03-20 09:45,Therapy Session,Completed,639
748,147,3,1,2026-03-20 11:15,Wellness/Annual,Completed,640
749,23,13,5,2026-03-20 08:00,Urgent,Completed,641
750,147,7,3,2026-03-20 16:30,Follow-Up,Completed,642
751,201,10,4,2026-03-20 16:30,Therapy Session,No-Show,
752,154,7,3,2026-03-20 13:00,Wellness/Annual,Cancelled,
753,100,17,6,2026-03-20 13:00,Lab/Imaging Order,Completed,643
754,179,12,4,2026-03-20 09:45,Therapy Session,Completed,644
755,36,4,2,2026-03-20 16:30,New Patient,Completed,645
756,154,17,6,2026-03-20 09:45,Lab/Imaging Order,Completed,646
757,201,8,3,2026-03-20 08:00,New Patient,No-Show,
758,137,13,5,2026-03-20 14:00,Urgent,Completed,647
759,95,9,3,2026-03-20 11:30,Follow-Up,Completed,648
760,146,15,5,2026-03-23 08:00,Urgent,Completed,649
761,155,2,1,2026-03-23 11:30,Wellness/Annual,Cancelled,
762,32,6,2,2026-03-23 09:00,Wellness/Annual,Completed,650
763,75,18,6,2026-03-23 11:30,Lab/Imaging Order,Completed,651
764,53,7,3,2026-03-23 16:15,New Patient,Completed,652
765,196,15,5,2026-03-23 15:00,Urgent,No-Show,
766,72,17,6,2026-03-23 14:30,Lab/Imaging Order,Completed,653
767,58,4,2,2026-03-23 14:15,New Patient,Completed,654
768,213,17,6,2026-03-23 12:15,Lab/Imaging Order,Completed,655
769,174,6,2,2026-03-23 16:45,Follow-Up,Completed,656
770,72,1,1,2026-03-23 12:00,Wellness/Annual,Completed,657
771,201,5,2,2026-03-23 08:00,Wellness/Annual,Completed,658
772,92,1,1,2026-03-23 16:15,Follow-Up,Completed,659
773,67,5,2,2026-03-23 10:15,Follow-Up,Completed,660
774,149,14,5,2026-03-23 13:00,Urgent,Completed,661
775,20,4,2,2026-03-23 15:00,Wellness/Annual,Completed,662
776,7,16,6,2026-03-23 13:30,Lab/Imaging Order,Completed,663
777,39,5,2,2026-03-23 08:00,Wellness/Annual,Completed,664
778,21,6,2,2026-03-23 11:45,New Patient,Completed,665
779,76,6,2,2026-03-23 13:15,New Patient,Completed,666
780,93,17,6,2026-03-24 09:30,Lab/Imaging Order,Completed,667
781,138,10,4,2026-03-24 11:45,Therapy Session,Completed,668
782,130,2,1,2026-03-24 15:15,New Patient,Completed,669
783,191,14,5,2026-03-24 09:15,Urgent,Completed,670
784,179,5,2,2026-03-24 11:30,Wellness/Annual,Cancelled,
785,152,17,6,2026-03-24 09:00,Lab/Imaging Order,Cancelled,
786,105,17,6,2026-03-24 15:45,Lab/Imaging Order,Completed,671
787,167,12,4,2026-03-24 15:45,Therapy Session,Completed,672
788,133,6,2,2026-03-24 16:45,Wellness/Annual,Completed,673
789,158,12,4,2026-03-24 13:00,Therapy Session,Completed,674
790,67,17,6,2026-03-24 09:15,Lab/Imaging Order,Completed,675
791,2,10,4,2026-03-24 15:00,Therapy Session,Completed,676
792,184,4,2,2026-03-24 09:45,Wellness/Annual,Completed,677
793,204,15,5,2026-03-24 11:00,Urgent,Completed,678
794,82,18,6,2026-03-24 11:00,Lab/Imaging Order,Completed,679
795,209,8,3,2026-03-24 15:30,New Patient,No-Show,
796,133,13,5,2026-03-24 11:00,Urgent,Completed,680
797,61,6,2,2026-03-24 13:45,Wellness/Annual,Completed,681
798,124,12,4,2026-03-24 12:00,Therapy Session,Completed,682
799,170,2,1,2026-03-24 13:45,New Patient,Completed,683
800,16,8,3,2026-03-24 13:30,Wellness/Annual,Completed,684
801,57,6,2,2026-03-24 08:30,Follow-Up,Completed,685
802,185,10,4,2026-03-24 08:45,Therapy Session,No-Show,
803,197,14,5,2026-03-24 16:00,Urgent,Completed,686
804,96,4,2,2026-03-24 14:15,Follow-Up,Completed,687
805,41,13,5,2026-03-25 12:30,Urgent,No-Show,
806,64,12,4,2026-03-25 08:30,Therapy Session,Completed,688
807,196,9,3,2026-03-25 14:00,Wellness/Annual,No-Show,
808,39,15,5,2026-03-25 09:45,Urgent,Completed,689
809,168,2,1,2026-03-25 15:45,Wellness/Annual,Completed,690
810,5,8,3,2026-03-25 14:30,Follow-Up,Completed,691
811,28,6,2,2026-03-25 12:30,Wellness/Annual,Completed,692
812,215,3,1,2026-03-25 16:15,Follow-Up,No-Show,
813,80,8,3,2026-03-25 13:15,Wellness/Annual,No-Show,
814,105,15,5,2026-03-25 08:30,Urgent,Completed,693
815,143,15,5,2026-03-25 09:00,Urgent,Completed,694
816,10,16,6,2026-03-25 14:45,Lab/Imaging Order,Completed,695
817,185,2,1,2026-03-25 12:30,Wellness/Annual,Completed,696
818,133,17,6,2026-03-25 12:45,Lab/Imaging Order,Completed,697
819,18,2,1,2026-03-25 12:15,New Patient,Completed,698
820,18,7,3,2026-03-25 16:15,Follow-Up,Completed,699
821,66,11,4,2026-03-25 16:15,Therapy Session,No-Show,
822,56,3,1,2026-03-25 10:30,Follow-Up,Completed,700
823,54,14,5,2026-03-25 10:00,Urgent,Completed,701
824,36,4,2,2026-03-25 15:45,Wellness/Annual,Completed,702
825,91,5,2,2026-03-26 16:30,Follow-Up,Completed,703
826,202,9,3,2026-03-26 09:45,Follow-Up,Completed,704
827,98,10,4,2026-03-26 13:15,Therapy Session,Completed,705
828,25,11,4,2026-03-26 13:30,Therapy Session,Completed,706
829,181,3,1,2026-03-26 12:00,Follow-Up,Completed,707
830,95,13,5,2026-03-26 08:15,Urgent,Completed,708
831,72,6,2,2026-03-26 08:30,New Patient,Completed,709
832,38,3,1,2026-03-26 12:00,Wellness/Annual,Completed,710
833,31,5,2,2026-03-26 15:00,Follow-Up,Completed,711
834,6,6,2,2026-03-26 08:15,New Patient,Completed,712
835,74,3,1,2026-03-26 12:15,New Patient,Completed,713
836,68,5,2,2026-03-26 15:30,New Patient,Completed,714
837,180,10,4,2026-03-26 14:30,Therapy Session,Completed,715
838,9,2,1,2026-03-26 16:15,New Patient,Completed,716
839,180,17,6,2026-03-26 09:30,Lab/Imaging Order,Completed,717
840,79,2,1,2026-03-26 15:15,New Patient,Completed,718
841,154,5,2,2026-03-26 15:45,Follow-Up,Completed,719
842,42,7,3,2026-03-26 10:30,Wellness/Annual,Completed,720
843,206,4,2,2026-03-26 15:45,Follow-Up,Completed,721
844,112,1,1,2026-03-26 11:15,New Patient,Completed,722
845,179,11,4,2026-03-26 11:45,Therapy Session,Completed,723
846,73,5,2,2026-03-26 14:45,Wellness/Annual,Completed,724
847,129,5,2,2026-03-26 14:00,New Patient,Completed,725
848,168,2,1,2026-03-26 14:15,New Patient,Completed,726
849,214,6,2,2026-03-26 15:00,New Patient,Completed,727
850,117,9,3,2026-03-26 15:45,New Patient,Completed,728
851,86,15,5,2026-03-27 16:30,Urgent,Completed,729
852,152,18,6,2026-03-27 12:15,Lab/Imaging Order,Completed,730
853,118,2,1,2026-03-27 08:30,Follow-Up,Completed,731
854,84,8,3,2026-03-27 08:00,Follow-Up,Completed,732
855,38,3,1,2026-03-27 15:45,Wellness/Annual,Completed,733
856,156,4,2,2026-03-27 09:45,Wellness/Annual,Completed,734
857,185,17,6,2026-03-27 09:45,Lab/Imaging Order,Completed,735
858,56,5,2,2026-03-27 12:15,Follow-Up,Completed,736
859,201,7,3,2026-03-27 10:30,Follow-Up,Completed,737
860,74,3,1,2026-03-27 15:45,Wellness/Annual,Completed,738
861,211,5,2,2026-03-27 10:45,Follow-Up,Completed,739
862,21,15,5,2026-03-27 15:30,Urgent,Cancelled,
863,95,15,5,2026-03-27 12:30,Urgent,Completed,740
864,193,7,3,2026-03-27 16:45,Follow-Up,Completed,741
865,29,4,2,2026-03-27 12:15,Wellness/Annual,Completed,742
866,162,5,2,2026-03-27 13:45,New Patient,Completed,743
867,137,7,3,2026-03-27 15:15,Follow-Up,Completed,744
868,157,10,4,2026-03-27 16:00,Therapy Session,Completed,745
869,191,16,6,2026-03-27 14:15,Lab/Imaging Order,Completed,746
870,8,1,1,2026-03-30 15:45,New Patient,Completed,747
871,63,16,6,2026-03-30 15:00,Lab/Imaging Order,No-Show,
872,105,3,1,2026-03-30 15:45,Wellness/Annual,No-Show,
873,184,8,3,2026-03-30 09:00,Wellness/Annual,Completed,748
874,110,11,4,2026-03-30 09:00,Therapy Session,No-Show,
875,193,6,2,2026-03-30 10:30,New Patient,Completed,749
876,19,6,2,2026-03-30 15:15,Follow-Up,Completed,750
877,195,4,2,2026-03-30 10:30,New Patient,No-Show,
878,93,18,6,2026-03-30 12:30,Lab/Imaging Order,Completed,751
879,33,15,5,2026-03-30 10:30,Urgent,Completed,752
880,191,6,2,2026-03-30 14:45,Wellness/Annual,Completed,753
881,166,17,6,2026-03-30 10:45,Lab/Imaging Order,Completed,754
882,156,2,1,2026-03-30 09:15,Wellness/Annual,Completed,755
883,85,4,2,2026-03-30 09:30,Wellness/Annual,Completed,756
884,47,6,2,2026-03-30 11:15,Wellness/Annual,Completed,757
885,213,15,5,2026-03-30 09:15,Urgent,Completed,758
886,51,13,5,2026-03-30 15:00,Urgent,Completed,759
887,185,7,3,2026-03-30 11:45,Follow-Up,Completed,760
888,166,8,3,2026-03-30 12:15,Follow-Up,Completed,761
889,121,6,2,2026-03-31 10:15,Follow-Up,No-Show,
890,25,8,3,2026-03-31 13:15,Follow-Up,Cancelled,
891,55,1,1,2026-03-31 16:30,Follow-Up,Completed,762
892,41,14,5,2026-03-31 11:45,Urgent,Completed,763
893,121,5,2,2026-03-31 13:15,Follow-Up,Completed,764
894,15,2,1,2026-03-31 13:15,Follow-Up,Completed,765
895,203,2,1,2026-03-31 13:15,Follow-Up,Completed,766
896,123,3,1,2026-03-31 15:00,Wellness/Annual,Completed,767
897,88,3,1,2026-03-31 16:30,Follow-Up,Completed,768
898,151,13,5,2026-03-31 12:15,Urgent,Completed,769
899,183,18,6,2026-03-31 13:30,Lab/Imaging Order,Completed,770
900,174,4,2,2026-03-31 12:30,Wellness/Annual,Completed,771
901,16,15,5,2026-03-31 16:30,Urgent,No-Show,
902,130,7,3,2026-03-31 16:45,Follow-Up,Completed,772
903,147,13,5,2026-04-01 15:15,Urgent,Completed,773
904,87,3,1,2026-04-01 16:45,Follow-Up,Completed,774
905,110,2,1,2026-04-01 12:15,New Patient,Completed,775
906,53,1,1,2026-04-01 10:00,Follow-Up,No-Show,
907,200,10,4,2026-04-01 10:30,Therapy Session,Completed,776
908,60,8,3,2026-04-01 13:00,New Patient,No-Show,
909,32,17,6,2026-04-01 14:00,Lab/Imaging Order,Completed,777
910,152,2,1,2026-04-01 09:15,New Patient,Completed,778
911,192,14,5,2026-04-01 13:45,Urgent,Completed,779
912,206,2,1,2026-04-01 14:00,Follow-Up,Completed,780
913,71,16,6,2026-04-01 13:00,Lab/Imaging Order,Completed,781
914,16,13,5,2026-04-01 11:30,Urgent,Completed,782
915,202,4,2,2026-04-01 08:45,New Patient,Completed,783
916,9,2,1,2026-04-01 10:45,Wellness/Annual,No-Show,
917,185,6,2,2026-04-01 10:15,Wellness/Annual,Cancelled,
918,24,4,2,2026-04-01 09:00,Follow-Up,Completed,784
919,33,8,3,2026-04-02 16:30,Follow-Up,Completed,785
920,58,1,1,2026-04-02 09:00,Wellness/Annual,Completed,786
921,85,14,5,2026-04-02 15:30,Urgent,Completed,787
922,37,16,6,2026-04-02 08:15,Lab/Imaging Order,Completed,788
923,117,7,3,2026-04-02 12:45,Wellness/Annual,No-Show,
924,87,6,2,2026-04-02 10:30,Follow-Up,Completed,789
925,165,14,5,2026-04-02 08:15,Urgent,Cancelled,
926,31,16,6,2026-04-02 16:30,Lab/Imaging Order,Completed,790
927,50,3,1,2026-04-02 11:00,New Patient,Completed,791
928,43,6,2,2026-04-02 10:00,Follow-Up,Completed,792
929,76,17,6,2026-04-02 14:45,Lab/Imaging Order,Completed,793
930,80,15,5,2026-04-02 11:00,Urgent,Cancelled,
931,124,7,3,2026-04-02 11:45,New Patient,Completed,794
932,36,17,6,2026-04-02 14:00,Lab/Imaging Order,Completed,795
933,134,1,1,2026-04-02 16:00,Follow-Up,Completed,796
934,40,14,5,2026-04-02 09:30,Urgent,Completed,797
935,178,3,1,2026-04-02 12:15,Follow-Up,Completed,798
936,198,1,1,2026-04-02 12:30,Follow-Up,Completed,799
937,63,14,5,2026-04-02 15:15,Urgent,Completed,800
938,26,18,6,2026-04-02 09:00,Lab/Imaging Order,Completed,801
939,134,18,6,2026-04-02 08:45,Lab/Imaging Order,Completed,802
940,187,16,6,2026-04-03 15:30,Lab/Imaging Order,Completed,803
941,68,9,3,2026-04-03 11:30,New Patient,Completed,804
942,82,10,4,2026-04-03 12:00,Therapy Session,Completed,805
943,125,6,2,2026-04-03 13:45,Follow-Up,Completed,806
944,180,6,2,2026-04-03 16:30,Wellness/Annual,Completed,807
945,104,15,5,2026-04-03 12:15,Urgent,Completed,808
946,212,17,6,2026-04-03 08:15,Lab/Imaging Order,Completed,809
947,38,7,3,2026-04-03 12:15,New Patient,Completed,810
948,149,3,1,2026-04-03 14:30,Follow-Up,Completed,811
949,178,10,4,2026-04-03 10:30,Therapy Session,Completed,812
950,59,6,2,2026-04-03 13:15,Wellness/Annual,Completed,813
951,6,16,6,2026-04-03 16:45,Lab/Imaging Order,Completed,814
952,146,17,6,2026-04-03 12:00,Lab/Imaging Order,Completed,815
953,78,12,4,2026-04-03 13:15,Therapy Session,Completed,816
954,158,10,4,2026-04-03 09:45,Therapy Session,Completed,817
955,104,4,2,2026-04-03 14:45,Wellness/Annual,Completed,818
956,65,2,1,2026-04-03 09:15,Follow-Up,Completed,819
957,156,10,4,2026-04-03 08:00,Therapy Session,Completed,820
958,145,3,1,2026-04-06 09:15,Follow-Up,Completed,821
959,46,12,4,2026-04-06 15:15,Therapy Session,Completed,822
960,152,4,2,2026-04-06 10:00,Wellness/Annual,Completed,823
961,142,18,6,2026-04-06 09:30,Lab/Imaging Order,Completed,824
962,208,2,1,2026-04-06 09:00,Wellness/Annual,Completed,825
963,75,7,3,2026-04-06 14:45,Wellness/Annual,Completed,826
964,79,8,3,2026-04-06 12:00,Follow-Up,Completed,827
965,8,15,5,2026-04-06 08:30,Urgent,Completed,828
966,118,16,6,2026-04-06 10:15,Lab/Imaging Order,Completed,829
967,177,16,6,2026-04-06 09:30,Lab/Imaging Order,No-Show,
968,46,5,2,2026-04-06 11:30,Follow-Up,Completed,830
969,175,14,5,2026-04-06 12:15,Urgent,Completed,831
970,210,16,6,2026-04-06 15:30,Lab/Imaging Order,Completed,832
971,18,2,1,2026-04-06 16:30,New Patient,Completed,833
972,211,14,5,2026-04-06 11:00,Urgent,Completed,834
973,48,5,2,2026-04-06 09:15,New Patient,Completed,835
974,197,13,5,2026-04-06 11:30,Urgent,No-Show,
975,88,1,1,2026-04-06 10:30,Follow-Up,Completed,836
976,169,11,4,2026-04-07 15:00,Therapy Session,Completed,837
977,105,1,1,2026-04-07 16:00,Wellness/Annual,Completed,838
978,145,1,1,2026-04-07 14:00,New Patient,Completed,839
979,116,14,5,2026-04-07 11:45,Urgent,Completed,840
980,188,3,1,2026-04-07 14:30,New Patient,Completed,841
981,219,9,3,2026-04-07 14:15,New Patient,Completed,842
982,119,8,3,2026-04-07 13:30,Follow-Up,Completed,843
983,169,3,1,2026-04-07 13:45,Wellness/Annual,Completed,844
984,116,3,1,2026-04-07 14:00,Follow-Up,Completed,845
985,178,16,6,2026-04-07 11:45,Lab/Imaging Order,Completed,846
986,63,8,3,2026-04-07 10:45,Wellness/Annual,Completed,847
987,85,1,1,2026-04-07 13:30,New Patient,Completed,848
988,122,17,6,2026-04-07 13:15,Lab/Imaging Order,Completed,849
989,105,12,4,2026-04-07 10:45,Therapy Session,Completed,850
990,122,2,1,2026-04-07 15:15,Follow-Up,Completed,851
991,89,18,6,2026-04-07 13:00,Lab/Imaging Order,Completed,852
992,163,16,6,2026-04-08 13:30,Lab/Imaging Order,Completed,853
993,50,5,2,2026-04-08 12:00,Wellness/Annual,Completed,854
994,192,5,2,2026-04-08 15:00,Wellness/Annual,Completed,855
995,100,17,6,2026-04-08 08:30,Lab/Imaging Order,Completed,856
996,50,15,5,2026-04-08 15:30,Urgent,Completed,857
997,17,2,1,2026-04-08 11:00,New Patient,Completed,858
998,157,13,5,2026-04-08 09:00,Urgent,Completed,859
999,21,3,1,2026-04-08 13:15,Follow-Up,Completed,860
1000,21,1,1,2026-04-08 11:30,New Patient,Cancelled,
1001,180,10,4,2026-04-08 09:00,Therapy Session,Cancelled,
1002,42,16,6,2026-04-08 14:30,Lab/Imaging Order,Completed,861
1003,175,12,4,2026-04-08 12:30,Therapy Session,Completed,862
1004,21,14,5,2026-04-08 15:00,Urgent,Completed,863
1005,208,9,3,2026-04-08 13:45,Follow-Up,Completed,864
1006,120,14,5,2026-04-08 15:30,Urgent,Completed,865
1007,36,7,3,2026-04-08 14:15,Follow-Up,Completed,866
1008,121,2,1,2026-04-08 12:30,New Patient,Completed,867
1009,186,3,1,2026-04-08 14:45,Follow-Up,Completed,868
1010,75,15,5,2026-04-08 10:15,Urgent,Completed,869
1011,159,12,4,2026-04-08 14:00,Therapy Session,Completed,870
1012,5,16,6,2026-04-08 15:30,Lab/Imaging Order,Completed,871
1013,179,5,2,2026-04-08 10:30,New Patient,Completed,872
1014,99,4,2,2026-04-08 13:00,New Patient,Completed,873
1015,183,14,5,2026-04-08 10:30,Urgent,Completed,874
1016,82,2,1,2026-04-08 13:15,Follow-Up,Completed,875
1017,64,14,5,2026-04-08 14:45,Urgent,Completed,876
1018,21,14,5,2026-04-09 13:45,Urgent,Completed,877
1019,181,7,3,2026-04-09 15:30,Wellness/Annual,No-Show,
1020,32,1,1,2026-04-09 13:45,New Patient,Completed,878
1021,165,4,2,2026-04-09 13:00,Follow-Up,Completed,879
1022,183,1,1,2026-04-09 09:30,New Patient,Completed,880
1023,107,12,4,2026-04-09 14:15,Therapy Session,Completed,881
1024,175,6,2,2026-04-09 08:00,Wellness/Annual,Completed,882
1025,129,16,6,2026-04-09 13:30,Lab/Imaging Order,Completed,883
1026,151,1,1,2026-04-09 11:15,New Patient,Completed,884
1027,2,3,1,2026-04-09 12:30,Wellness/Annual,Completed,885
1028,101,2,1,2026-04-09 12:45,New Patient,No-Show,
1029,172,12,4,2026-04-09 16:45,Therapy Session,Cancelled,
1030,206,2,1,2026-04-09 11:15,New Patient,Completed,886
1031,56,11,4,2026-04-09 16:00,Therapy Session,Completed,887
1032,155,8,3,2026-04-09 15:45,New Patient,Completed,888
1033,71,1,1,2026-04-09 12:45,New Patient,Completed,889
1034,96,18,6,2026-04-09 09:30,Lab/Imaging Order,Completed,890
1035,31,7,3,2026-04-09 08:45,Wellness/Annual,No-Show,
1036,61,3,1,2026-04-09 16:30,Follow-Up,Completed,891
1037,10,13,5,2026-04-09 15:45,Urgent,Completed,892
1038,7,2,1,2026-04-09 12:15,Wellness/Annual,Completed,893
1039,13,15,5,2026-04-09 12:30,Urgent,Cancelled,
1040,140,5,2,2026-04-09 13:30,New Patient,Completed,894
1041,89,8,3,2026-04-09 10:45,Follow-Up,Completed,895
1042,120,18,6,2026-04-10 15:15,Lab/Imaging Order,Completed,896
1043,212,1,1,2026-04-10 14:00,Wellness/Annual,Completed,897
1044,43,18,6,2026-04-10 11:30,Lab/Imaging Order,Completed,898
1045,58,13,5,2026-04-10 15:15,Urgent,Completed,899
1046,78,5,2,2026-04-10 16:00,New Patient,Completed,900
1047,19,3,1,2026-04-10 12:45,New Patient,Completed,901
1048,78,4,2,2026-04-10 15:00,Follow-Up,Completed,902
1049,193,17,6,2026-04-10 16:00,Lab/Imaging Order,Completed,903
1050,122,16,6,2026-04-10 12:00,Lab/Imaging Order,Cancelled,
1051,162,15,5,2026-04-10 09:45,Urgent,Completed,904
1052,3,10,4,2026-04-10 10:00,Therapy Session,Completed,905
1053,65,13,5,2026-04-10 09:45,Urgent,Completed,906
1054,51,16,6,2026-04-10 15:45,Lab/Imaging Order,Completed,907
1055,150,6,2,2026-04-10 11:45,Follow-Up,Completed,908
1056,111,9,3,2026-04-10 16:30,New Patient,Completed,909
1057,17,13,5,2026-04-10 09:30,Urgent,Completed,910
1058,171,1,1,2026-04-10 15:30,New Patient,Completed,911
1059,35,2,1,2026-04-10 14:00,Wellness/Annual,Completed,912
1060,82,16,6,2026-04-10 11:45,Lab/Imaging Order,Completed,913
1061,139,12,4,2026-04-13 09:15,Therapy Session,Completed,914
1062,193,3,1,2026-04-13 13:15,Follow-Up,Completed,915
1063,96,3,1,2026-04-13 15:15,Follow-Up,Completed,916
1064,154,14,5,2026-04-13 08:45,Urgent,Cancelled,
1065,198,1,1,2026-04-13 08:30,Wellness/Annual,Completed,917
1066,131,17,6,2026-04-13 15:45,Lab/Imaging Order,Completed,918
1067,133,18,6,2026-04-13 09:30,Lab/Imaging Order,Completed,919
1068,50,2,1,2026-04-13 16:45,Follow-Up,Completed,920
1069,83,15,5,2026-04-13 11:45,Urgent,Completed,921
1070,184,5,2,2026-04-13 15:30,Follow-Up,Completed,922
1071,127,2,1,2026-04-13 16:30,Follow-Up,Completed,923
1072,100,2,1,2026-04-13 09:15,Follow-Up,Completed,924
1073,201,10,4,2026-04-13 09:45,Therapy Session,Cancelled,
1074,16,18,6,2026-04-13 08:00,Lab/Imaging Order,Completed,925
1075,193,12,4,2026-04-13 12:30,Therapy Session,Completed,926
1076,42,10,4,2026-04-13 09:30,Therapy Session,Completed,927
1077,57,10,4,2026-04-13 12:00,Therapy Session,No-Show,
1078,149,14,5,2026-04-13 14:45,Urgent,Completed,928
1079,139,13,5,2026-04-13 12:15,Urgent,Completed,929
1080,37,11,4,2026-04-13 09:45,Therapy Session,Cancelled,
1081,91,2,1,2026-04-14 12:15,Follow-Up,Completed,930
1082,100,7,3,2026-04-14 13:30,Wellness/Annual,Completed,931
1083,94,5,2,2026-04-14 15:15,Follow-Up,Completed,932
1084,182,13,5,2026-04-14 10:00,Urgent,Completed,933
1085,48,17,6,2026-04-14 11:45,Lab/Imaging Order,Completed,934
1086,46,15,5,2026-04-14 12:45,Urgent,Completed,935
1087,137,13,5,2026-04-14 09:45,Urgent,Completed,936
1088,209,15,5,2026-04-14 08:00,Urgent,Completed,937
1089,63,14,5,2026-04-14 15:15,Urgent,Completed,938
1090,205,6,2,2026-04-14 14:45,Follow-Up,Completed,939
1091,33,8,3,2026-04-14 11:00,New Patient,Completed,940
1092,125,5,2,2026-04-14 08:15,New Patient,Completed,941
1093,113,1,1,2026-04-14 15:45,Follow-Up,Completed,942
1094,164,4,2,2026-04-14 12:30,New Patient,No-Show,
1095,168,8,3,2026-04-14 09:30,Follow-Up,Completed,943
1096,130,5,2,2026-04-14 08:00,New Patient,Completed,944
1097,104,5,2,2026-04-14 15:30,Follow-Up,Completed,945
1098,171,13,5,2026-04-14 16:00,Urgent,Completed,946
1099,71,2,1,2026-04-14 11:00,Follow-Up,No-Show,
1100,50,1,1,2026-04-14 11:45,Follow-Up,Completed,947
1101,202,5,2,2026-04-15 11:45,New Patient,Completed,948
1102,218,14,5,2026-04-15 15:30,Urgent,Completed,949
1103,124,14,5,2026-04-15 12:30,Urgent,Completed,950
1104,64,1,1,2026-04-15 10:00,Follow-Up,Completed,951
1105,160,1,1,2026-04-15 09:30,Follow-Up,Completed,952
1106,95,17,6,2026-04-15 09:30,Lab/Imaging Order,Completed,953
1107,87,4,2,2026-04-15 13:45,New Patient,Completed,954
1108,166,18,6,2026-04-15 10:00,Lab/Imaging Order,No-Show,
1109,75,1,1,2026-04-15 13:00,Follow-Up,No-Show,
1110,26,17,6,2026-04-15 08:00,Lab/Imaging Order,Completed,955
1111,158,5,2,2026-04-15 09:30,Wellness/Annual,Completed,956
1112,73,12,4,2026-04-15 08:45,Therapy Session,Completed,957
1113,108,14,5,2026-04-15 11:30,Urgent,Completed,958
1114,28,16,6,2026-04-15 15:15,Lab/Imaging Order,Completed,959
1115,172,9,3,2026-04-16 16:30,Wellness/Annual,Completed,960
1116,9,4,2,2026-04-16 14:15,Follow-Up,Completed,961
1117,180,15,5,2026-04-16 10:00,Urgent,Completed,962
1118,132,16,6,2026-04-16 15:30,Lab/Imaging Order,Completed,963
1119,27,4,2,2026-04-16 16:15,Follow-Up,Completed,964
1120,205,15,5,2026-04-16 08:45,Urgent,Completed,965
1121,203,9,3,2026-04-16 15:45,New Patient,Completed,966
1122,219,6,2,2026-04-16 11:30,New Patient,Completed,967
1123,13,5,2,2026-04-16 12:45,New Patient,No-Show,
1124,204,18,6,2026-04-16 12:00,Lab/Imaging Order,Completed,968
1125,140,13,5,2026-04-16 11:00,Urgent,Completed,969
1126,66,15,5,2026-04-16 14:15,Urgent,Completed,970
1127,219,16,6,2026-04-16 08:15,Lab/Imaging Order,Cancelled,
1128,46,14,5,2026-04-16 09:45,Urgent,Completed,971
1129,91,4,2,2026-04-16 14:15,New Patient,Completed,972
1130,137,3,1,2026-04-16 15:30,New Patient,No-Show,
1131,27,17,6,2026-04-16 16:45,Lab/Imaging Order,Completed,973
1132,83,14,5,2026-04-16 13:15,Urgent,Completed,974
1133,81,13,5,2026-04-16 15:00,Urgent,Completed,975
1134,195,18,6,2026-04-16 13:00,Lab/Imaging Order,Completed,976
1135,77,16,6,2026-04-17 10:30,Lab/Imaging Order,Completed,977
1136,77,9,3,2026-04-17 08:00,Follow-Up,Completed,978
1137,197,2,1,2026-04-17 13:00,Follow-Up,Completed,979
1138,194,18,6,2026-04-17 16:00,Lab/Imaging Order,Completed,980
1139,24,5,2,2026-04-17 13:30,Wellness/Annual,Completed,981
1140,104,8,3,2026-04-17 09:30,Wellness/Annual,No-Show,
1141,21,16,6,2026-04-17 13:15,Lab/Imaging Order,Completed,982
1142,131,15,5,2026-04-17 11:45,Urgent,No-Show,
1143,148,11,4,2026-04-17 11:45,Therapy Session,Completed,983
1144,106,3,1,2026-04-17 12:30,Wellness/Annual,Completed,984
1145,65,12,4,2026-04-17 10:15,Therapy Session,Completed,985
1146,19,15,5,2026-04-17 14:15,Urgent,Completed,986
1147,115,1,1,2026-04-17 10:00,New Patient,Completed,987
1148,49,2,1,2026-04-17 11:45,Wellness/Annual,Completed,988
1149,192,1,1,2026-04-20 16:30,Follow-Up,Completed,989
1150,202,14,5,2026-04-20 16:00,Urgent,Completed,990
1151,113,1,1,2026-04-20 08:15,New Patient,Completed,991
1152,70,4,2,2026-04-20 16:30,Wellness/Annual,Completed,992
1153,143,15,5,2026-04-20 16:15,Urgent,Completed,993
1154,50,5,2,2026-04-20 09:30,New Patient,Completed,994
1155,51,6,2,2026-04-20 13:00,New Patient,Completed,995
1156,177,16,6,2026-04-20 09:00,Lab/Imaging Order,Completed,996
1157,19,12,4,2026-04-20 09:45,Therapy Session,Completed,997
1158,105,3,1,2026-04-20 12:45,New Patient,Completed,998
1159,195,12,4,2026-04-20 11:00,Therapy Session,Completed,999
1160,23,16,6,2026-04-20 16:15,Lab/Imaging Order,Completed,1000
1161,190,13,5,2026-04-20 09:00,Urgent,Completed,1001
1162,16,2,1,2026-04-20 15:15,Wellness/Annual,Completed,1002
1163,122,13,5,2026-04-20 14:00,Urgent,Completed,1003
1164,112,1,1,2026-04-20 10:30,New Patient,Completed,1004
1165,72,2,1,2026-04-21 12:15,Follow-Up,Completed,1005
1166,204,16,6,2026-04-21 10:00,Lab/Imaging Order,Completed,1006
1167,60,12,4,2026-04-21 10:15,Therapy Session,Completed,1007
1168,67,10,4,2026-04-21 12:30,Therapy Session,Completed,1008
1169,133,13,5,2026-04-21 10:45,Urgent,Cancelled,
1170,21,15,5,2026-04-21 13:45,Urgent,Completed,1009
1171,194,1,1,2026-04-21 09:00,Wellness/Annual,Completed,1010
1172,98,17,6,2026-04-21 09:30,Lab/Imaging Order,Completed,1011
1173,39,7,3,2026-04-21 12:00,New Patient,Completed,1012
1174,67,3,1,2026-04-21 14:30,New Patient,Completed,1013
1175,39,2,1,2026-04-21 16:15,Follow-Up,Completed,1014
1176,161,10,4,2026-04-21 15:00,Therapy Session,Completed,1015
1177,206,2,1,2026-04-21 09:45,New Patient,Completed,1016
1178,64,17,6,2026-04-21 16:15,Lab/Imaging Order,Completed,1017
1179,179,13,5,2026-04-21 14:30,Urgent,Completed,1018
1180,95,13,5,2026-04-21 16:45,Urgent,Completed,1019
1181,194,2,1,2026-04-21 08:15,Follow-Up,Completed,1020
1182,97,14,5,2026-04-21 12:45,Urgent,Completed,1021
1183,133,12,4,2026-04-21 10:30,Therapy Session,Completed,1022
1184,62,17,6,2026-04-21 11:15,Lab/Imaging Order,Completed,1023
1185,24,1,1,2026-04-22 15:45,New Patient,Completed,1024
1186,104,7,3,2026-04-22 13:15,Wellness/Annual,No-Show,
1187,186,7,3,2026-04-22 09:45,New Patient,Completed,1025
1188,3,15,5,2026-04-22 08:15,Urgent,Completed,1026
1189,135,3,1,2026-04-22 11:45,New Patient,Completed,1027
1190,95,14,5,2026-04-22 13:15,Urgent,Completed,1028
1191,123,6,2,2026-04-22 08:15,Follow-Up,Completed,1029
1192,86,5,2,2026-04-22 14:00,Follow-Up,Cancelled,
1193,191,18,6,2026-04-22 12:15,Lab/Imaging Order,Completed,1030
1194,112,17,6,2026-04-22 08:00,Lab/Imaging Order,Completed,1031
1195,100,17,6,2026-04-22 14:00,Lab/Imaging Order,Completed,1032
1196,197,1,1,2026-04-22 12:30,New Patient,Completed,1033
1197,109,11,4,2026-04-22 16:15,Therapy Session,Completed,1034
1198,204,16,6,2026-04-22 16:45,Lab/Imaging Order,Completed,1035
1199,166,1,1,2026-04-22 09:00,Follow-Up,Cancelled,
1200,178,6,2,2026-04-22 08:30,New Patient,Completed,1036
1201,66,14,5,2026-04-22 10:45,Urgent,Completed,1037
1202,38,17,6,2026-04-22 16:30,Lab/Imaging Order,Completed,1038
1203,80,3,1,2026-04-22 11:15,Wellness/Annual,Completed,1039
1204,105,10,4,2026-04-22 08:45,Therapy Session,Cancelled,
1205,196,14,5,2026-04-22 14:00,Urgent,Completed,1040
1206,36,18,6,2026-04-22 16:00,Lab/Imaging Order,Completed,1041
1207,8,11,4,2026-04-22 16:15,Therapy Session,Completed,1042
1208,89,5,2,2026-04-22 09:15,Follow-Up,No-Show,
1209,26,8,3,2026-04-22 10:15,Wellness/Annual,Completed,1043
1210,62,4,2,2026-04-22 12:30,Wellness/Annual,Completed,1044
1211,154,17,6,2026-04-23 14:45,Lab/Imaging Order,Cancelled,
1212,129,2,1,2026-04-23 09:00,New Patient,Completed,1045
1213,72,3,1,2026-04-23 12:00,New Patient,Completed,1046
1214,106,18,6,2026-04-23 10:00,Lab/Imaging Order,Completed,1047
1215,42,11,4,2026-04-23 08:45,Therapy Session,Completed,1048
1216,126,15,5,2026-04-23 15:45,Urgent,Completed,1049
1217,18,14,5,2026-04-23 11:15,Urgent,Completed,1050
1218,21,3,1,2026-04-23 08:15,Follow-Up,Completed,1051
1219,61,2,1,2026-04-23 13:15,Wellness/Annual,Completed,1052
1220,140,9,3,2026-04-23 12:30,Follow-Up,Completed,1053
1221,111,10,4,2026-04-23 12:30,Therapy Session,Completed,1054
1222,119,10,4,2026-04-23 15:15,Therapy Session,Completed,1055
1223,133,11,4,2026-04-23 14:15,Therapy Session,Completed,1056
1224,218,4,2,2026-04-23 10:30,Wellness/Annual,Completed,1057
1225,117,13,5,2026-04-23 15:00,Urgent,Completed,1058
1226,169,10,4,2026-04-23 10:15,Therapy Session,Completed,1059
1227,115,15,5,2026-04-23 09:30,Urgent,Completed,1060
1228,194,11,4,2026-04-23 08:30,Therapy Session,Completed,1061
1229,155,16,6,2026-04-23 11:45,Lab/Imaging Order,Completed,1062
1230,17,12,4,2026-04-23 09:30,Therapy Session,Completed,1063
1231,140,16,6,2026-04-23 14:45,Lab/Imaging Order,Completed,1064
1232,158,4,2,2026-04-23 15:45,New Patient,Completed,1065
1233,82,16,6,2026-04-23 16:15,Lab/Imaging Order,Completed,1066
1234,69,6,2,2026-04-23 13:45,New Patient,Completed,1067
1235,200,16,6,2026-04-24 13:30,Lab/Imaging Order,Completed,1068
1236,76,3,1,2026-04-24 11:15,New Patient,Completed,1069
1237,21,8,3,2026-04-24 13:15,Wellness/Annual,Completed,1070
1238,57,3,1,2026-04-24 11:30,Wellness/Annual,Completed,1071
1239,126,6,2,2026-04-24 12:45,Wellness/Annual,Completed,1072
1240,79,1,1,2026-04-24 09:00,Wellness/Annual,Completed,1073
1241,149,14,5,2026-04-24 11:30,Urgent,Completed,1074
1242,212,8,3,2026-04-24 11:00,Follow-Up,Cancelled,
1243,55,3,1,2026-04-24 15:00,Follow-Up,Completed,1075
1244,206,15,5,2026-04-24 09:30,Urgent,Completed,1076
1245,16,12,4,2026-04-24 10:45,Therapy Session,No-Show,
1246,217,4,2,2026-04-24 16:30,Wellness/Annual,Completed,1077
1247,138,8,3,2026-04-24 12:30,Follow-Up,Completed,1078
1248,204,8,3,2026-04-24 12:15,Follow-Up,Completed,1079
1249,11,1,1,2026-04-24 10:30,New Patient,Completed,1080
1250,18,14,5,2026-04-24 11:00,Urgent,Completed,1081
1251,135,6,2,2026-04-24 14:45,Wellness/Annual,Completed,1082
1252,165,14,5,2026-04-24 14:15,Urgent,Completed,1083
1253,182,13,5,2026-04-27 16:00,Urgent,Completed,1084
1254,190,2,1,2026-04-27 09:15,New Patient,Completed,1085
1255,104,2,1,2026-04-27 09:45,Wellness/Annual,Completed,1086
1256,124,11,4,2026-04-27 10:45,Therapy Session,Cancelled,
1257,84,10,4,2026-04-27 10:00,Therapy Session,Completed,1087
1258,113,18,6,2026-04-27 09:45,Lab/Imaging Order,Completed,1088
1259,40,4,2,2026-04-27 11:45,Wellness/Annual,Completed,1089
1260,43,10,4,2026-04-27 13:30,Therapy Session,Completed,1090
1261,186,8,3,2026-04-27 15:45,Wellness/Annual,Cancelled,
1262,64,14,5,2026-04-27 08:30,Urgent,Completed,1091
1263,113,1,1,2026-04-27 10:00,New Patient,Completed,1092
1264,133,3,1,2026-04-27 10:15,New Patient,No-Show,
1265,35,13,5,2026-04-27 13:45,Urgent,Completed,1093
1266,156,14,5,2026-04-27 15:45,Urgent,Completed,1094
1267,52,13,5,2026-04-27 08:30,Urgent,Completed,1095
1268,54,16,6,2026-04-27 09:00,Lab/Imaging Order,Completed,1096
1269,189,9,3,2026-04-27 11:00,Wellness/Annual,Completed,1097
1270,38,1,1,2026-04-28 08:15,Follow-Up,Completed,1098
1271,14,13,5,2026-04-28 09:00,Urgent,Completed,1099
1272,170,2,1,2026-04-28 16:45,Wellness/Annual,Completed,1100
1273,138,4,2,2026-04-28 10:45,New Patient,Completed,1101
1274,203,1,1,2026-04-28 14:15,Wellness/Annual,Completed,1102
1275,50,3,1,2026-04-28 13:30,Wellness/Annual,Completed,1103
1276,117,13,5,2026-04-28 09:15,Urgent,Completed,1104
1277,67,1,1,2026-04-28 10:00,New Patient,Cancelled,
1278,109,7,3,2026-04-28 13:15,New Patient,Completed,1105
1279,111,13,5,2026-04-28 14:00,Urgent,Completed,1106
1280,162,15,5,2026-04-28 08:15,Urgent,Completed,1107
1281,197,18,6,2026-04-28 15:30,Lab/Imaging Order,Completed,1108
1282,64,4,2,2026-04-28 15:00,Follow-Up,Completed,1109
1283,205,1,1,2026-04-28 09:00,Wellness/Annual,Completed,1110
1284,126,13,5,2026-04-28 10:45,Urgent,Completed,1111
1285,28,3,1,2026-04-28 08:45,Follow-Up,No-Show,
1286,116,11,4,2026-04-28 09:15,Therapy Session,No-Show,
1287,21,14,5,2026-04-28 08:30,Urgent,Completed,1112
1288,5,13,5,2026-04-28 14:15,Urgent,Completed,1113
1289,144,1,1,2026-04-28 13:15,New Patient,Completed,1114
1290,211,17,6,2026-04-28 10:00,Lab/Imaging Order,Completed,1115
1291,107,17,6,2026-04-29 14:00,Lab/Imaging Order,Completed,1116
1292,120,12,4,2026-04-29 09:30,Therapy Session,No-Show,
1293,150,14,5,2026-04-29 11:00,Urgent,Completed,1117
1294,66,13,5,2026-04-29 16:00,Urgent,Completed,1118
1295,176,8,3,2026-04-29 14:45,New Patient,Completed,1119
1296,125,7,3,2026-04-29 12:15,Follow-Up,Cancelled,
1297,112,2,1,2026-04-29 11:30,New Patient,Completed,1120
1298,36,18,6,2026-04-29 08:15,Lab/Imaging Order,Completed,1121
1299,171,18,6,2026-04-29 08:30,Lab/Imaging Order,Cancelled,
1300,205,18,6,2026-04-29 09:15,Lab/Imaging Order,Completed,1122
1301,215,18,6,2026-04-29 16:30,Lab/Imaging Order,Completed,1123
1302,116,1,1,2026-04-29 16:15,Follow-Up,Completed,1124
1303,139,14,5,2026-04-29 08:45,Urgent,Completed,1125
1304,196,10,4,2026-04-29 09:15,Therapy Session,Completed,1126
1305,193,3,1,2026-04-30 15:00,Follow-Up,Completed,1127
1306,110,8,3,2026-04-30 15:15,New Patient,No-Show,
1307,142,6,2,2026-04-30 11:30,Wellness/Annual,Completed,1128
1308,180,17,6,2026-04-30 12:45,Lab/Imaging Order,Completed,1129
1309,114,4,2,2026-04-30 10:30,New Patient,Cancelled,
1310,149,2,1,2026-04-30 14:30,New Patient,Completed,1130
1311,158,13,5,2026-04-30 08:45,Urgent,Completed,1131
1312,77,13,5,2026-04-30 09:15,Urgent,Completed,1132
1313,105,3,1,2026-04-30 13:15,New Patient,Completed,1133
1314,72,17,6,2026-04-30 12:45,Lab/Imaging Order,Completed,1134
1315,8,14,5,2026-04-30 14:45,Urgent,Completed,1135
1316,1,12,4,2026-04-30 14:45,Therapy Session,Completed,1136
1317,202,10,4,2026-04-30 11:30,Therapy Session,Completed,1137
1318,141,6,2,2026-04-30 12:45,Follow-Up,Completed,1138
1319,185,1,1,2026-04-30 10:00,Wellness/Annual,Completed,1139
1320,109,1,1,2026-04-30 08:15,Wellness/Annual,Completed,1140
1321,166,9,3,2026-04-30 09:30,New Patient,Completed,1141
1322,147,12,4,2026-04-30 12:15,Therapy Session,Completed,1142
1323,202,14,5,2026-04-30 16:45,Urgent,Completed,1143
1324,126,8,3,2026-04-30 13:00,Follow-Up,Completed,1144
1325,67,2,1,2026-04-30 14:15,Follow-Up,Completed,1145
1326,156,12,4,2026-04-30 13:15,Therapy Session,Completed,1146
1327,110,2,1,2026-05-01 15:30,Follow-Up,Completed,1147
1328,26,3,1,2026-05-01 13:30,New Patient,Completed,1148
1329,102,9,3,2026-05-01 15:15,Follow-Up,Cancelled,
1330,153,3,1,2026-05-01 15:00,Follow-Up,Completed,1149
1331,29,3,1,2026-05-01 08:15,New Patient,Completed,1150
1332,13,15,5,2026-05-01 15:30,Urgent,Completed,1151
1333,129,13,5,2026-05-01 13:30,Urgent,Completed,1152
1334,87,5,2,2026-05-01 10:15,Wellness/Annual,Completed,1153
1335,196,15,5,2026-05-01 15:00,Urgent,Completed,1154
1336,138,3,1,2026-05-01 10:00,Follow-Up,Completed,1155
1337,85,14,5,2026-05-01 11:00,Urgent,Completed,1156
1338,4,17,6,2026-05-01 08:00,Lab/Imaging Order,Completed,1157
1339,72,4,2,2026-05-01 12:30,Follow-Up,Completed,1158
1340,181,11,4,2026-05-01 16:00,Therapy Session,No-Show,
1341,172,15,5,2026-05-01 13:15,Urgent,Completed,1159
1342,196,10,4,2026-05-01 08:30,Therapy Session,Completed,1160
1343,97,14,5,2026-05-01 11:00,Urgent,Completed,1161
1344,167,18,6,2026-05-01 11:45,Lab/Imaging Order,Completed,1162
1345,146,16,6,2026-05-04 11:15,Lab/Imaging Order,Completed,1163
1346,48,13,5,2026-05-04 11:15,Urgent,Completed,1164
1347,216,18,6,2026-05-04 16:45,Lab/Imaging Order,Completed,1165
1348,16,14,5,2026-05-04 11:30,Urgent,Completed,1166
1349,81,13,5,2026-05-04 12:45,Urgent,Completed,1167
1350,95,16,6,2026-05-04 12:30,Lab/Imaging Order,Completed,1168
1351,100,9,3,2026-05-04 12:00,Follow-Up,No-Show,
1352,95,17,6,2026-05-04 12:00,Lab/Imaging Order,Completed,1169
1353,69,6,2,2026-05-04 15:00,Wellness/Annual,Completed,1170
1354,137,11,4,2026-05-04 14:15,Therapy Session,Completed,1171
1355,170,12,4,2026-05-04 15:00,Therapy Session,Completed,1172
1356,6,11,4,2026-05-04 11:15,Therapy Session,No-Show,
1357,180,2,1,2026-05-04 15:15,Follow-Up,Completed,1173
1358,81,6,2,2026-05-04 15:45,New Patient,Completed,1174
1359,205,3,1,2026-05-04 16:15,Wellness/Annual,Completed,1175
1360,123,3,1,2026-05-04 16:00,Follow-Up,Completed,1176
1361,82,4,2,2026-05-04 16:15,Follow-Up,No-Show,
1362,217,10,4,2026-05-04 13:45,Therapy Session,Completed,1177
1363,118,7,3,2026-05-04 11:15,New Patient,Completed,1178
1364,167,3,1,2026-05-04 10:15,Wellness/Annual,Completed,1179
1365,2,17,6,2026-05-05 15:00,Lab/Imaging Order,Cancelled,
1366,165,6,2,2026-05-05 08:00,Wellness/Annual,Cancelled,
1367,157,4,2,2026-05-05 15:00,New Patient,Completed,1180
1368,14,5,2,2026-05-05 10:15,Wellness/Annual,No-Show,
1369,152,8,3,2026-05-05 08:00,Follow-Up,Completed,1181
1370,120,15,5,2026-05-05 14:15,Urgent,Completed,1182
1371,160,16,6,2026-05-05 16:15,Lab/Imaging Order,Completed,1183
1372,91,4,2,2026-05-05 14:15,Wellness/Annual,Completed,1184
1373,87,10,4,2026-05-05 10:45,Therapy Session,Completed,1185
1374,184,10,4,2026-05-05 12:30,Therapy Session,Completed,1186
1375,218,18,6,2026-05-05 12:45,Lab/Imaging Order,Completed,1187
1376,13,18,6,2026-05-05 14:30,Lab/Imaging Order,Completed,1188
1377,212,12,4,2026-05-05 08:00,Therapy Session,Completed,1189
1378,27,15,5,2026-05-05 11:00,Urgent,Completed,1190
1379,181,5,2,2026-05-05 14:00,Follow-Up,Completed,1191
1380,179,5,2,2026-05-05 10:00,New Patient,Completed,1192
1381,195,2,1,2026-05-05 08:00,Wellness/Annual,Completed,1193
1382,87,15,5,2026-05-05 08:45,Urgent,Completed,1194
1383,182,11,4,2026-05-05 13:00,Therapy Session,Completed,1195
1384,53,13,5,2026-05-05 09:00,Urgent,Completed,1196
1385,161,2,1,2026-05-05 09:15,Wellness/Annual,Completed,1197
1386,38,14,5,2026-05-05 08:30,Urgent,Completed,1198
1387,184,2,1,2026-05-06 15:30,Follow-Up,No-Show,
1388,123,13,5,2026-05-06 16:30,Urgent,Completed,1199
1389,126,2,1,2026-05-06 14:15,Follow-Up,Completed,1200
1390,81,2,1,2026-05-06 10:45,Follow-Up,Completed,1201
1391,180,15,5,2026-05-06 10:15,Urgent,Completed,1202
1392,92,16,6,2026-05-06 11:00,Lab/Imaging Order,Completed,1203
1393,23,16,6,2026-05-06 14:45,Lab/Imaging Order,Completed,1204
1394,143,15,5,2026-05-06 16:45,Urgent,Completed,1205
1395,108,1,1,2026-05-06 10:00,Wellness/Annual,Completed,1206
1396,7,5,2,2026-05-06 10:00,Wellness/Annual,Completed,1207
1397,44,3,1,2026-05-06 10:00,New Patient,Completed,1208
1398,129,1,1,2026-05-06 11:30,Follow-Up,Completed,1209
1399,12,6,2,2026-05-06 08:30,Wellness/Annual,Completed,1210
1400,149,18,6,2026-05-06 15:15,Lab/Imaging Order,Completed,1211
1401,1,13,5,2026-05-07 08:15,Urgent,Completed,1212
1402,125,2,1,2026-05-07 11:15,Follow-Up,Completed,1213
1403,161,15,5,2026-05-07 08:15,Urgent,No-Show,
1404,71,1,1,2026-05-07 10:15,Wellness/Annual,Completed,1214
1405,11,4,2,2026-05-07 16:00,New Patient,Completed,1215
1406,60,6,2,2026-05-07 15:45,Follow-Up,Completed,1216
1407,107,16,6,2026-05-07 09:45,Lab/Imaging Order,Completed,1217
1408,139,6,2,2026-05-07 09:45,Follow-Up,Completed,1218
1409,94,1,1,2026-05-07 16:30,Follow-Up,Completed,1219
1410,147,16,6,2026-05-07 16:45,Lab/Imaging Order,Completed,1220
1411,51,17,6,2026-05-07 12:15,Lab/Imaging Order,Completed,1221
1412,217,7,3,2026-05-07 14:15,New Patient,Completed,1222
1413,88,15,5,2026-05-07 16:30,Urgent,Completed,1223
1414,164,16,6,2026-05-07 11:30,Lab/Imaging Order,Completed,1224
1415,35,4,2,2026-05-07 12:45,Wellness/Annual,Completed,1225
1416,209,4,2,2026-05-07 11:00,New Patient,Cancelled,
1417,136,18,6,2026-05-07 15:45,Lab/Imaging Order,No-Show,
1418,95,17,6,2026-05-07 15:45,Lab/Imaging Order,Completed,1226
1419,205,15,5,2026-05-07 12:30,Urgent,Completed,1227
1420,199,18,6,2026-05-07 16:45,Lab/Imaging Order,Completed,1228
1421,6,5,2,2026-05-07 08:30,Wellness/Annual,Completed,1229
1422,148,2,1,2026-05-07 14:30,Follow-Up,Completed,1230
1423,151,6,2,2026-05-07 12:15,New Patient,Completed,1231
1424,199,14,5,2026-05-07 13:30,Urgent,Completed,1232
1425,5,18,6,2026-05-07 08:00,Lab/Imaging Order,Completed,1233
1426,143,10,4,2026-05-08 12:30,Therapy Session,Cancelled,
1427,72,6,2,2026-05-08 10:45,Wellness/Annual,Completed,1234
1428,42,9,3,2026-05-08 08:45,Wellness/Annual,Completed,1235
1429,83,9,3,2026-05-08 11:15,Follow-Up,Completed,1236
1430,7,16,6,2026-05-08 13:30,Lab/Imaging Order,Completed,1237
1431,82,1,1,2026-05-08 11:00,Follow-Up,Completed,1238
1432,23,15,5,2026-05-08 15:15,Urgent,Completed,1239
1433,154,16,6,2026-05-08 10:45,Lab/Imaging Order,Completed,1240
1434,178,3,1,2026-05-08 11:15,Follow-Up,Completed,1241
1435,201,13,5,2026-05-08 13:15,Urgent,Completed,1242
1436,118,18,6,2026-05-08 08:15,Lab/Imaging Order,Completed,1243
1437,40,1,1,2026-05-08 09:30,Follow-Up,Completed,1244
1438,200,11,4,2026-05-08 14:45,Therapy Session,Cancelled,
1439,34,8,3,2026-05-08 11:15,New Patient,Completed,1245
1440,144,17,6,2026-05-08 10:15,Lab/Imaging Order,Completed,1246
1441,100,4,2,2026-05-08 15:15,New Patient,No-Show,
1442,15,15,5,2026-05-08 12:45,Urgent,Completed,1247
1443,168,16,6,2026-05-08 16:30,Lab/Imaging Order,Completed,1248
1444,103,15,5,2026-05-08 11:45,Urgent,Completed,1249
1445,161,10,4,2026-05-08 09:30,Therapy Session,No-Show,
1446,19,17,6,2026-05-08 09:30,Lab/Imaging Order,Completed,1250
1447,128,6,2,2026-05-08 10:00,Follow-Up,Completed,1251
1448,160,13,5,2026-05-08 15:00,Urgent,Completed,1252
1449,104,18,6,2026-05-08 15:45,Lab/Imaging Order,Completed,1253
1450,60,8,3,2026-05-08 10:15,New Patient,Completed,1254
1451,54,6,2,2026-05-11 12:15,Wellness/Annual,Cancelled,
1452,85,2,1,2026-05-11 11:00,Follow-Up,Completed,1255
1453,18,3,1,2026-05-11 08:30,Follow-Up,Completed,1256
1454,36,13,5,2026-05-11 14:45,Urgent,Completed,1257
1455,23,8,3,2026-05-11 11:45,Follow-Up,Completed,1258
1456,179,5,2,2026-05-11 15:15,New Patient,No-Show,
1457,145,14,5,2026-05-11 14:15,Urgent,Completed,1259
1458,178,4,2,2026-05-11 15:00,Follow-Up,Completed,1260
1459,21,7,3,2026-05-11 12:30,Follow-Up,Completed,1261
1460,191,14,5,2026-05-11 11:30,Urgent,Completed,1262
1461,220,6,2,2026-05-11 12:45,Follow-Up,Completed,1263
1462,85,3,1,2026-05-11 14:15,Wellness/Annual,Completed,1264
1463,115,18,6,2026-05-11 10:00,Lab/Imaging Order,Completed,1265
1464,162,5,2,2026-05-11 14:30,Wellness/Annual,Completed,1266
1465,111,6,2,2026-05-11 14:00,Follow-Up,Completed,1267
1466,53,1,1,2026-05-11 15:30,Wellness/Annual,Completed,1268
1467,111,18,6,2026-05-11 09:15,Lab/Imaging Order,Completed,1269
1468,19,4,2,2026-05-11 16:30,New Patient,No-Show,
1469,49,1,1,2026-05-11 10:15,Follow-Up,No-Show,
1470,118,5,2,2026-05-11 10:30,Follow-Up,Completed,1270
1471,102,15,5,2026-05-12 16:00,Urgent,No-Show,
1472,81,15,5,2026-05-12 10:30,Urgent,Completed,1271
1473,10,7,3,2026-05-12 11:30,Follow-Up,No-Show,
1474,13,5,2,2026-05-12 10:30,New Patient,Completed,1272
1475,160,1,1,2026-05-12 08:15,New Patient,No-Show,
1476,28,6,2,2026-05-12 11:00,New Patient,Completed,1273
1477,172,13,5,2026-05-12 14:45,Urgent,Completed,1274
1478,15,6,2,2026-05-12 12:30,New Patient,Completed,1275
1479,184,2,1,2026-05-12 08:15,New Patient,Completed,1276
1480,75,13,5,2026-05-12 08:30,Urgent,Cancelled,
1481,106,15,5,2026-05-12 12:45,Urgent,Completed,1277
1482,47,15,5,2026-05-12 12:00,Urgent,Completed,1278
1483,47,7,3,2026-05-12 13:00,New Patient,Completed,1279
1484,190,18,6,2026-05-12 10:15,Lab/Imaging Order,Completed,1280
1485,31,1,1,2026-05-12 15:00,Wellness/Annual,Completed,1281
1486,75,17,6,2026-05-12 08:15,Lab/Imaging Order,Completed,1282
1487,45,7,3,2026-05-12 15:45,New Patient,Completed,1283
1488,37,16,6,2026-05-12 09:45,Lab/Imaging Order,Completed,1284
1489,75,13,5,2026-05-12 12:30,Urgent,Completed,1285
1490,3,1,1,2026-05-12 14:30,Follow-Up,No-Show,
1491,49,14,5,2026-05-12 15:45,Urgent,Completed,1286
1492,116,4,2,2026-05-12 15:30,Follow-Up,Completed,1287
1493,37,4,2,2026-05-12 10:00,Wellness/Annual,Completed,1288
1494,56,17,6,2026-05-12 08:15,Lab/Imaging Order,Completed,1289
1495,166,13,5,2026-05-12 14:15,Urgent,Completed,1290
1496,172,12,4,2026-05-13 16:30,Therapy Session,No-Show,
1497,58,1,1,2026-05-13 16:00,Wellness/Annual,No-Show,
1498,181,10,4,2026-05-13 10:00,Therapy Session,Completed,1291
1499,170,15,5,2026-05-13 09:30,Urgent,Completed,1292
1500,136,13,5,2026-05-13 13:30,Urgent,Completed,1293
1501,128,12,4,2026-05-13 15:45,Therapy Session,Completed,1294
1502,31,15,5,2026-05-13 14:15,Urgent,Completed,1295
1503,79,1,1,2026-05-13 09:00,Wellness/Annual,Completed,1296
1504,198,18,6,2026-05-13 09:00,Lab/Imaging Order,Completed,1297
1505,167,13,5,2026-05-13 10:15,Urgent,Completed,1298
1506,2,13,5,2026-05-13 13:15,Urgent,Completed,1299
1507,208,11,4,2026-05-13 10:30,Therapy Session,Completed,1300
1508,44,18,6,2026-05-13 08:00,Lab/Imaging Order,Completed,1301
1509,53,3,1,2026-05-13 14:15,Wellness/Annual,Completed,1302
1510,64,4,2,2026-05-13 16:30,Follow-Up,Completed,1303
1511,156,18,6,2026-05-13 10:00,Lab/Imaging Order,Completed,1304
1512,196,9,3,2026-05-13 08:45,Wellness/Annual,Completed,1305
1513,2,13,5,2026-05-13 16:00,Urgent,Completed,1306
1514,178,3,1,2026-05-13 13:45,New Patient,Completed,1307
1515,39,18,6,2026-05-13 14:45,Lab/Imaging Order,Completed,1308
1516,83,13,5,2026-05-13 15:15,Urgent,Completed,1309
1517,196,10,4,2026-05-13 15:30,Therapy Session,Completed,1310
1518,109,14,5,2026-05-13 12:00,Urgent,Completed,1311
1519,144,14,5,2026-05-14 13:30,Urgent,Completed,1312
1520,133,5,2,2026-05-14 13:15,Wellness/Annual,Completed,1313
1521,203,4,2,2026-05-14 10:45,Wellness/Annual,Completed,1314
1522,102,16,6,2026-05-14 14:30,Lab/Imaging Order,Completed,1315
1523,1,10,4,2026-05-14 16:15,Therapy Session,Completed,1316
1524,68,11,4,2026-05-14 09:30,Therapy Session,Completed,1317
1525,174,1,1,2026-05-14 14:45,Follow-Up,Cancelled,
1526,92,18,6,2026-05-14 11:00,Lab/Imaging Order,Completed,1318
1527,139,2,1,2026-05-14 12:45,Wellness/Annual,Completed,1319
1528,206,9,3,2026-05-14 08:00,New Patient,Completed,1320
1529,65,17,6,2026-05-14 10:00,Lab/Imaging Order,Completed,1321
1530,37,17,6,2026-05-14 10:00,Lab/Imaging Order,Completed,1322
1531,219,13,5,2026-05-14 10:00,Urgent,Completed,1323
1532,78,8,3,2026-05-14 12:30,Wellness/Annual,Completed,1324
1533,2,11,4,2026-05-14 15:00,Therapy Session,Completed,1325
1534,64,3,1,2026-05-14 10:15,Follow-Up,Completed,1326
1535,138,8,3,2026-05-14 16:15,Wellness/Annual,Completed,1327
1536,175,13,5,2026-05-14 13:15,Urgent,Completed,1328
1537,14,2,1,2026-05-14 08:30,Wellness/Annual,Completed,1329
1538,164,5,2,2026-05-14 13:15,New Patient,Completed,1330
1539,118,6,2,2026-05-14 12:30,New Patient,Completed,1331
1540,50,10,4,2026-05-14 09:15,Therapy Session,Completed,1332
1541,45,9,3,2026-05-14 09:30,Wellness/Annual,Completed,1333
1542,176,8,3,2026-05-14 13:15,New Patient,No-Show,
1543,213,5,2,2026-05-15 11:30,Wellness/Annual,Completed,1334
1544,49,8,3,2026-05-15 12:45,Follow-Up,Completed,1335
1545,58,17,6,2026-05-15 11:45,Lab/Imaging Order,Completed,1336
1546,148,3,1,2026-05-15 08:00,Wellness/Annual,Cancelled,
1547,88,12,4,2026-05-15 15:15,Therapy Session,Completed,1337
1548,134,12,4,2026-05-15 12:30,Therapy Session,Cancelled,
1549,189,5,2,2026-05-15 16:30,Wellness/Annual,Completed,1338
1550,147,6,2,2026-05-15 16:15,Follow-Up,Completed,1339
1551,188,14,5,2026-05-15 16:00,Urgent,Completed,1340
1552,77,15,5,2026-05-15 12:30,Urgent,Completed,1341
1553,186,1,1,2026-05-15 08:15,New Patient,Completed,1342
1554,214,17,6,2026-05-15 16:00,Lab/Imaging Order,Completed,1343
1555,13,9,3,2026-05-15 13:15,Follow-Up,Completed,1344
1556,193,15,5,2026-05-15 08:45,Urgent,Completed,1345
1557,21,12,4,2026-05-15 08:15,Therapy Session,Completed,1346
1558,110,3,1,2026-05-15 08:30,New Patient,Completed,1347
1559,55,17,6,2026-05-15 15:15,Lab/Imaging Order,Completed,1348
1560,56,16,6,2026-05-15 13:45,Lab/Imaging Order,Completed,1349
1561,24,5,2,2026-05-15 12:45,Follow-Up,Completed,1350
1562,203,2,1,2026-05-15 09:45,New Patient,Completed,1351
1563,8,8,3,2026-05-15 16:45,New Patient,Completed,1352
1564,207,11,4,2026-05-15 12:30,Therapy Session,No-Show,
1565,20,14,5,2026-05-15 08:00,Urgent,Completed,1353
1566,10,16,6,2026-05-15 11:00,Lab/Imaging Order,Completed,1354
1567,27,9,3,2026-05-15 12:30,Follow-Up,Completed,1355
1568,108,10,4,2026-05-18 15:45,Therapy Session,Completed,1356
1569,82,11,4,2026-05-18 13:00,Therapy Session,Completed,1357
1570,6,4,2,2026-05-18 14:00,Wellness/Annual,Completed,1358
1571,17,9,3,2026-05-18 15:15,Wellness/Annual,Completed,1359
1572,4,14,5,2026-05-18 12:00,Urgent,Completed,1360
1573,102,1,1,2026-05-18 13:30,New Patient,Completed,1361
1574,92,3,1,2026-05-18 15:15,Follow-Up,No-Show,
1575,6,13,5,2026-05-18 08:45,Urgent,Completed,1362
1576,20,18,6,2026-05-18 08:45,Lab/Imaging Order,Completed,1363
1577,143,12,4,2026-05-18 15:15,Therapy Session,Completed,1364
1578,216,2,1,2026-05-18 10:15,Follow-Up,Completed,1365
1579,10,13,5,2026-05-18 11:30,Urgent,Completed,1366
1580,168,6,2,2026-05-18 08:15,New Patient,Completed,1367
1581,51,2,1,2026-05-18 16:00,Follow-Up,No-Show,
1582,81,9,3,2026-05-18 08:00,New Patient,Completed,1368
1583,193,7,3,2026-05-18 15:15,New Patient,No-Show,
1584,209,3,1,2026-05-18 08:45,Follow-Up,Completed,1369
1585,199,6,2,2026-05-18 14:00,Follow-Up,Completed,1370
1586,105,4,2,2026-05-18 10:15,New Patient,Completed,1371
1587,47,2,1,2026-05-18 12:00,New Patient,Cancelled,
1588,187,18,6,2026-05-19 08:30,Lab/Imaging Order,Completed,1372
1589,165,14,5,2026-05-19 13:30,Urgent,Cancelled,
1590,105,17,6,2026-05-19 09:45,Lab/Imaging Order,Completed,1373
1591,29,11,4,2026-05-19 14:00,Therapy Session,No-Show,
1592,29,3,1,2026-05-19 16:00,Follow-Up,Completed,1374
1593,203,8,3,2026-05-19 14:15,Wellness/Annual,Cancelled,
1594,3,4,2,2026-05-19 16:30,Wellness/Annual,Completed,1375
1595,126,1,1,2026-05-19 10:00,Follow-Up,Completed,1376
1596,72,13,5,2026-05-19 16:30,Urgent,Completed,1377
1597,38,4,2,2026-05-19 08:15,Wellness/Annual,No-Show,
1598,187,3,1,2026-05-19 10:00,Follow-Up,Completed,1378
1599,97,3,1,2026-05-19 12:45,New Patient,Completed,1379
1600,205,5,2,2026-05-19 08:00,New Patient,Completed,1380
1601,187,15,5,2026-05-19 15:00,Urgent,Completed,1381
1602,6,4,2,2026-05-19 16:30,Wellness/Annual,Completed,1382
1603,22,18,6,2026-05-19 13:00,Lab/Imaging Order,Completed,1383
1604,39,17,6,2026-05-19 08:15,Lab/Imaging Order,Completed,1384
1605,115,7,3,2026-05-19 14:30,Follow-Up,Completed,1385
1606,69,1,1,2026-05-19 08:15,Wellness/Annual,Completed,1386
1607,1,17,6,2026-05-19 10:45,Lab/Imaging Order,Completed,1387
1608,164,8,3,2026-05-19 14:30,New Patient,No-Show,
1609,117,17,6,2026-05-19 08:00,Lab/Imaging Order,Completed,1388
1610,108,12,4,2026-05-19 09:15,Therapy Session,Completed,1389
1611,45,3,1,2026-05-19 08:30,New Patient,Completed,1390
1612,8,1,1,2026-05-19 10:15,New Patient,Completed,1391
1613,137,14,5,2026-05-20 13:00,Urgent,Completed,1392
1614,113,13,5,2026-05-20 14:15,Urgent,Completed,1393
1615,205,9,3,2026-05-20 11:30,Wellness/Annual,Completed,1394
1616,137,8,3,2026-05-20 10:30,New Patient,Completed,1395
1617,181,5,2,2026-05-20 13:45,Follow-Up,Completed,1396
1618,203,17,6,2026-05-20 12:45,Lab/Imaging Order,Completed,1397
1619,207,7,3,2026-05-20 12:45,Wellness/Annual,Completed,1398
1620,108,3,1,2026-05-20 14:15,Wellness/Annual,Completed,1399
1621,202,6,2,2026-05-20 08:45,New Patient,Completed,1400
1622,136,10,4,2026-05-20 10:45,Therapy Session,Completed,1401
1623,207,18,6,2026-05-20 10:00,Lab/Imaging Order,Completed,1402
1624,89,16,6,2026-05-20 09:00,Lab/Imaging Order,Completed,1403
1625,48,3,1,2026-05-20 08:00,New Patient,Completed,1404
1626,165,3,1,2026-05-20 14:00,Wellness/Annual,Completed,1405
1627,21,10,4,2026-05-21 09:30,Therapy Session,No-Show,
1628,122,2,1,2026-05-21 11:00,New Patient,Completed,1406
1629,195,16,6,2026-05-21 13:00,Lab/Imaging Order,Completed,1407
1630,31,18,6,2026-05-21 09:15,Lab/Imaging Order,Completed,1408
1631,136,18,6,2026-05-21 15:00,Lab/Imaging Order,Completed,1409
1632,142,1,1,2026-05-21 16:00,Wellness/Annual,Completed,1410
1633,138,7,3,2026-05-21 15:30,New Patient,Completed,1411
1634,186,12,4,2026-05-21 16:30,Therapy Session,Completed,1412
1635,55,1,1,2026-05-21 10:15,Follow-Up,Completed,1413
1636,67,5,2,2026-05-21 15:00,Follow-Up,Completed,1414
1637,179,11,4,2026-05-21 10:00,Therapy Session,Completed,1415
1638,56,7,3,2026-05-21 13:00,New Patient,Completed,1416
1639,148,10,4,2026-05-21 10:30,Therapy Session,Completed,1417
1640,109,18,6,2026-05-21 09:00,Lab/Imaging Order,Completed,1418
1641,196,8,3,2026-05-21 16:45,Wellness/Annual,Completed,1419
1642,84,1,1,2026-05-21 09:30,New Patient,Completed,1420
1643,142,4,2,2026-05-21 13:00,Follow-Up,Completed,1421
1644,128,12,4,2026-05-21 16:00,Therapy Session,Completed,1422
1645,5,5,2,2026-05-21 12:30,New Patient,Completed,1423
1646,27,5,2,2026-05-21 15:15,New Patient,No-Show,
1647,93,7,3,2026-05-21 12:45,Follow-Up,Completed,1424
1648,136,4,2,2026-05-21 10:45,New Patient,Completed,1425
1649,86,1,1,2026-05-21 14:45,Follow-Up,Completed,1426
1650,168,2,1,2026-05-22 11:15,Follow-Up,Completed,1427
1651,92,7,3,2026-05-22 10:15,Wellness/Annual,Completed,1428
1652,101,12,4,2026-05-22 11:15,Therapy Session,No-Show,
1653,200,5,2,2026-05-22 12:00,New Patient,Completed,1429
1654,153,17,6,2026-05-22 15:45,Lab/Imaging Order,Completed,1430
1655,153,15,5,2026-05-22 15:45,Urgent,Completed,1431
1656,54,17,6,2026-05-22 14:15,Lab/Imaging Order,Completed,1432
1657,214,1,1,2026-05-22 13:45,Follow-Up,Completed,1433
1658,96,3,1,2026-05-22 12:30,New Patient,Completed,1434
1659,3,18,6,2026-05-22 11:15,Lab/Imaging Order,Completed,1435
1660,16,4,2,2026-05-22 16:00,Follow-Up,Completed,1436
1661,88,7,3,2026-05-22 08:00,Wellness/Annual,Completed,1437
1662,148,17,6,2026-05-22 11:00,Lab/Imaging Order,Completed,1438
1663,145,1,1,2026-05-22 14:30,New Patient,Completed,1439
1664,180,2,1,2026-05-22 15:15,New Patient,Completed,1440
1665,210,6,2,2026-05-22 08:15,Follow-Up,Completed,1441
1666,92,11,4,2026-05-22 11:45,Therapy Session,Completed,1442
1667,192,14,5,2026-05-22 15:30,Urgent,Completed,1443
1668,96,1,1,2026-05-25 11:00,Follow-Up,Completed,1444
1669,53,16,6,2026-05-25 10:00,Lab/Imaging Order,Completed,1445
1670,30,4,2,2026-05-25 11:30,Wellness/Annual,Completed,1446
1671,76,1,1,2026-05-25 14:15,New Patient,Completed,1447
1672,193,2,1,2026-05-25 09:15,Follow-Up,Completed,1448
1673,128,1,1,2026-05-25 11:00,Follow-Up,Completed,1449
1674,199,6,2,2026-05-25 09:15,Follow-Up,Completed,1450
1675,26,1,1,2026-05-25 13:15,Follow-Up,Completed,1451
1676,65,11,4,2026-05-25 14:00,Therapy Session,Completed,1452
1677,41,3,1,2026-05-25 16:30,Wellness/Annual,Completed,1453
1678,85,4,2,2026-05-25 08:30,Follow-Up,Cancelled,
1679,26,1,1,2026-05-25 09:30,Wellness/Annual,Completed,1454
1680,33,6,2,2026-05-25 12:15,Follow-Up,Completed,1455
1681,78,1,1,2026-05-25 15:45,Wellness/Annual,No-Show,
1682,51,15,5,2026-05-26 11:15,Urgent,Completed,1456
1683,139,6,2,2026-05-26 12:45,Wellness/Annual,Completed,1457
1684,204,15,5,2026-05-26 15:15,Urgent,Completed,1458
1685,200,4,2,2026-05-26 13:30,Wellness/Annual,Cancelled,
1686,143,10,4,2026-05-26 10:15,Therapy Session,Cancelled,
1687,137,4,2,2026-05-26 13:45,New Patient,Completed,1459
1688,218,13,5,2026-05-26 10:15,Urgent,Completed,1460
1689,114,3,1,2026-05-26 10:45,New Patient,Completed,1461
1690,166,2,1,2026-05-26 08:15,New Patient,Completed,1462
1691,42,10,4,2026-05-26 12:45,Therapy Session,No-Show,
1692,98,16,6,2026-05-26 08:00,Lab/Imaging Order,Completed,1463
1693,29,5,2,2026-05-26 14:00,Wellness/Annual,Completed,1464
1694,59,2,1,2026-05-26 10:15,Follow-Up,Completed,1465
1695,202,16,6,2026-05-26 14:00,Lab/Imaging Order,No-Show,
1696,67,18,6,2026-05-26 12:00,Lab/Imaging Order,Completed,1466
1697,30,17,6,2026-05-26 11:45,Lab/Imaging Order,Completed,1467
1698,203,16,6,2026-05-26 12:30,Lab/Imaging Order,Completed,1468
1699,113,3,1,2026-05-26 09:45,New Patient,Completed,1469
1700,114,4,2,2026-05-26 12:30,Follow-Up,Cancelled,
1701,69,7,3,2026-05-26 14:30,Follow-Up,Completed,1470
1702,198,5,2,2026-05-26 13:15,Wellness/Annual,Completed,1471
1703,69,9,3,2026-05-27 08:00,New Patient,Completed,1472
1704,72,3,1,2026-05-27 13:00,New Patient,Completed,1473
1705,79,13,5,2026-05-27 15:45,Urgent,Completed,1474
1706,22,5,2,2026-05-27 15:30,Wellness/Annual,Completed,1475
1707,95,10,4,2026-05-27 12:00,Therapy Session,Completed,1476
1708,148,16,6,2026-05-27 09:00,Lab/Imaging Order,Completed,1477
1709,94,4,2,2026-05-27 14:00,Follow-Up,Completed,1478
1710,7,10,4,2026-05-27 14:45,Therapy Session,Completed,1479
1711,106,14,5,2026-05-27 15:30,Urgent,Completed,1480
1712,100,13,5,2026-05-27 15:15,Urgent,Completed,1481
1713,164,18,6,2026-05-27 12:15,Lab/Imaging Order,Completed,1482
1714,175,11,4,2026-05-27 15:00,Therapy Session,Completed,1483
1715,4,18,6,2026-05-27 15:15,Lab/Imaging Order,Completed,1484
1716,108,1,1,2026-05-27 13:15,Wellness/Annual,Completed,1485
1717,104,10,4,2026-05-27 12:15,Therapy Session,No-Show,
1718,138,15,5,2026-05-27 11:00,Urgent,Completed,1486
1719,116,11,4,2026-05-27 08:45,Therapy Session,Completed,1487
1720,136,6,2,2026-05-27 12:15,New Patient,Completed,1488
1721,107,13,5,2026-05-27 15:00,Urgent,Completed,1489
1722,198,5,2,2026-05-27 10:00,Wellness/Annual,Completed,1490
1723,162,17,6,2026-05-27 12:00,Lab/Imaging Order,Completed,1491
1724,136,1,1,2026-05-27 14:15,New Patient,Completed,1492
1725,87,9,3,2026-05-28 10:45,Wellness/Annual,Completed,1493
1726,220,17,6,2026-05-28 09:15,Lab/Imaging Order,Completed,1494
1727,62,1,1,2026-05-28 09:45,Wellness/Annual,No-Show,
1728,108,13,5,2026-05-28 11:30,Urgent,Completed,1495
1729,189,1,1,2026-05-28 12:15,Wellness/Annual,Completed,1496
1730,94,17,6,2026-05-28 11:00,Lab/Imaging Order,Completed,1497
1731,1,5,2,2026-05-28 12:15,New Patient,Completed,1498
1732,180,4,2,2026-05-28 15:30,Wellness/Annual,Completed,1499
1733,146,6,2,2026-05-28 15:15,Follow-Up,Completed,1500
1734,104,8,3,2026-05-28 16:45,Follow-Up,Completed,1501
1735,66,1,1,2026-05-28 16:45,New Patient,Completed,1502
1736,146,2,1,2026-05-28 14:15,Wellness/Annual,Completed,1503
1737,143,14,5,2026-05-28 16:45,Urgent,Completed,1504
1738,13,4,2,2026-05-28 12:15,Wellness/Annual,Cancelled,
1739,191,3,1,2026-05-28 09:15,New Patient,Completed,1505
1740,179,3,1,2026-05-28 14:15,Follow-Up,Completed,1506
1741,53,4,2,2026-05-28 15:30,Wellness/Annual,Completed,1507
1742,77,14,5,2026-05-28 10:15,Urgent,Completed,1508
1743,110,2,1,2026-05-28 09:30,Follow-Up,Completed,1509
1744,22,1,1,2026-05-28 13:15,Follow-Up,Completed,1510
1745,40,5,2,2026-05-28 12:00,Wellness/Annual,Completed,1511
1746,50,18,6,2026-05-28 15:30,Lab/Imaging Order,Completed,1512
1747,90,2,1,2026-05-29 11:45,New Patient,No-Show,
1748,46,12,4,2026-05-29 08:15,Therapy Session,Completed,1513
1749,49,1,1,2026-05-29 10:30,Follow-Up,Completed,1514
1750,114,7,3,2026-05-29 16:45,Wellness/Annual,Completed,1515
1751,19,3,1,2026-05-29 08:30,Follow-Up,No-Show,
1752,43,15,5,2026-05-29 16:30,Urgent,Cancelled,
1753,66,4,2,2026-05-29 09:30,New Patient,Completed,1516
1754,101,6,2,2026-05-29 13:15,Wellness/Annual,Completed,1517
1755,63,6,2,2026-05-29 12:30,New Patient,Completed,1518
1756,7,3,1,2026-05-29 11:45,Wellness/Annual,Completed,1519
1757,191,12,4,2026-05-29 08:45,Therapy Session,Completed,1520
1758,73,17,6,2026-05-29 14:15,Lab/Imaging Order,Completed,1521
1759,77,11,4,2026-05-29 12:00,Therapy Session,Completed,1522
1760,174,10,4,2026-05-29 09:00,Therapy Session,Completed,1523
1761,86,4,2,2026-05-29 12:30,Wellness/Annual,Completed,1524
1762,9,11,4,2026-05-29 12:45,Therapy Session,Completed,1525
1763,94,8,3,2026-05-29 12:30,Wellness/Annual,Completed,1526
1764,19,6,2,2026-05-29 13:15,Wellness/Annual,Completed,1527
1765,195,6,2,2026-05-29 14:00,Wellness/Annual,Completed,1528
1766,209,2,1,2026-05-29 15:00,Wellness/Annual,Completed,1529
1767,102,5,2,2026-05-29 14:00,New Patient,Completed,1530
1768,3,10,4,2026-05-29 11:00,Therapy Session,Completed,1531
1769,87,2,1,2026-05-29 11:45,New Patient,Completed,1532
1770,184,3,1,2026-05-29 14:00,Wellness/Annual,Cancelled,
1771,76,5,2,2026-06-01 13:30,Wellness/Annual,Completed,1533
1772,132,16,6,2026-06-01 09:00,Lab/Imaging Order,Completed,1534
1773,196,17,6,2026-06-01 13:45,Lab/Imaging Order,Completed,1535
1774,180,8,3,2026-06-01 14:00,Follow-Up,Cancelled,
1775,208,13,5,2026-06-01 14:15,Urgent,Completed,1536
1776,91,1,1,2026-06-01 13:30,New Patient,No-Show,
1777,175,4,2,2026-06-01 09:45,New Patient,Completed,1537
1778,147,5,2,2026-06-01 13:15,New Patient,Completed,1538
1779,15,8,3,2026-06-01 14:30,Wellness/Annual,Completed,1539
1780,147,13,5,2026-06-01 09:45,Urgent,Completed,1540
1781,83,10,4,2026-06-01 15:30,Therapy Session,Completed,1541
1782,191,13,5,2026-06-01 15:45,Urgent,Completed,1542
1783,111,2,1,2026-06-01 11:15,Follow-Up,Completed,1543
1784,75,17,6,2026-06-01 12:00,Lab/Imaging Order,Completed,1544
1785,168,6,2,2026-06-01 12:15,New Patient,Completed,1545
1786,176,1,1,2026-06-01 08:00,New Patient,Completed,1546
1787,55,4,2,2026-06-01 15:00,Follow-Up,Completed,1547
1788,177,5,2,2026-06-01 10:45,Follow-Up,No-Show,
1789,112,17,6,2026-06-01 09:15,Lab/Imaging Order,Completed,1548
1790,48,1,1,2026-06-01 10:15,Follow-Up,Completed,1549
1791,102,13,5,2026-06-01 14:30,Urgent,Completed,1550
1792,81,3,1,2026-06-02 16:30,New Patient,Cancelled,
1793,211,6,2,2026-06-02 15:30,New Patient,Completed,1551
1794,117,8,3,2026-06-02 10:30,Follow-Up,Completed,1552
1795,170,3,1,2026-06-02 14:30,Follow-Up,Completed,1553
1796,56,3,1,2026-06-02 15:30,Wellness/Annual,Completed,1554
1797,153,2,1,2026-06-02 11:15,Wellness/Annual,Completed,1555
1798,26,5,2,2026-06-02 09:15,New Patient,Completed,1556
1799,65,16,6,2026-06-02 08:00,Lab/Imaging Order,Completed,1557
1800,78,18,6,2026-06-02 15:30,Lab/Imaging Order,Completed,1558
1801,135,18,6,2026-06-02 10:15,Lab/Imaging Order,Completed,1559
1802,99,4,2,2026-06-02 09:15,Wellness/Annual,Completed,1560
1803,101,11,4,2026-06-02 08:30,Therapy Session,Completed,1561
1804,40,17,6,2026-06-02 11:45,Lab/Imaging Order,Completed,1562
1805,26,7,3,2026-06-02 13:30,Follow-Up,Completed,1563
1806,84,17,6,2026-06-02 13:45,Lab/Imaging Order,Completed,1564
1807,115,3,1,2026-06-02 16:45,Follow-Up,Completed,1565
1808,28,5,2,2026-06-02 10:30,New Patient,Completed,1566
1809,137,2,1,2026-06-02 08:15,Follow-Up,Completed,1567
1810,77,3,1,2026-06-02 10:15,Follow-Up,Completed,1568
1811,58,12,4,2026-06-02 08:30,Therapy Session,Completed,1569
1812,125,9,3,2026-06-02 12:30,New Patient,Completed,1570
1813,77,4,2,2026-06-02 08:45,Follow-Up,Completed,1571
1814,147,13,5,2026-06-02 12:00,Urgent,Completed,1572
1815,167,4,2,2026-06-02 11:00,New Patient,Completed,1573
1816,120,16,6,2026-06-02 11:30,Lab/Imaging Order,Completed,1574
1817,157,8,3,2026-06-02 09:30,Follow-Up,No-Show,
1818,134,15,5,2026-06-03 10:15,Urgent,No-Show,
1819,34,12,4,2026-06-03 13:45,Therapy Session,Completed,1575
1820,8,17,6,2026-06-03 13:45,Lab/Imaging Order,Completed,1576
1821,50,2,1,2026-06-03 08:45,Wellness/Annual,Completed,1577
1822,76,10,4,2026-06-03 10:45,Therapy Session,Completed,1578
1823,35,16,6,2026-06-03 15:15,Lab/Imaging Order,Completed,1579
1824,15,9,3,2026-06-03 14:30,New Patient,Completed,1580
1825,19,5,2,2026-06-03 15:45,Wellness/Annual,Completed,1581
1826,150,11,4,2026-06-03 09:30,Therapy Session,Completed,1582
1827,54,9,3,2026-06-03 12:45,Wellness/Annual,Completed,1583
1828,103,3,1,2026-06-03 09:15,Wellness/Annual,Cancelled,
1829,155,12,4,2026-06-03 08:30,Therapy Session,Completed,1584
1830,209,10,4,2026-06-03 08:45,Therapy Session,No-Show,
1831,195,9,3,2026-06-03 08:00,Wellness/Annual,No-Show,
1832,124,10,4,2026-06-03 10:15,Therapy Session,Completed,1585
1833,12,11,4,2026-06-03 11:30,Therapy Session,No-Show,
1834,131,8,3,2026-06-03 14:15,Wellness/Annual,Completed,1586
1835,197,4,2,2026-06-03 11:00,New Patient,Completed,1587
1836,123,15,5,2026-06-03 11:30,Urgent,Completed,1588
1837,14,2,1,2026-06-03 09:15,Wellness/Annual,Completed,1589
1838,210,11,4,2026-06-04 16:00,Therapy Session,Completed,1590
1839,206,5,2,2026-06-04 12:30,Wellness/Annual,Completed,1591
1840,210,16,6,2026-06-04 14:45,Lab/Imaging Order,Completed,1592
1841,130,2,1,2026-06-04 11:00,Wellness/Annual,Completed,1593
1842,101,6,2,2026-06-04 11:00,Wellness/Annual,Completed,1594
1843,97,1,1,2026-06-04 13:00,Wellness/Annual,Completed,1595
1844,75,17,6,2026-06-04 14:45,Lab/Imaging Order,Completed,1596
1845,161,4,2,2026-06-04 12:00,Follow-Up,Completed,1597
1846,104,10,4,2026-06-04 16:00,Therapy Session,Completed,1598
1847,181,13,5,2026-06-04 12:15,Urgent,Completed,1599
1848,52,13,5,2026-06-04 08:15,Urgent,Completed,1600
1849,32,5,2,2026-06-04 14:45,Wellness/Annual,Completed,1601
1850,35,1,1,2026-06-04 10:15,New Patient,Completed,1602
1851,125,11,4,2026-06-04 13:00,Therapy Session,No-Show,
1852,19,18,6,2026-06-04 13:15,Lab/Imaging Order,Completed,1603
1853,199,1,1,2026-06-04 09:45,Follow-Up,Completed,1604
1854,64,2,1,2026-06-04 10:45,Follow-Up,Completed,1605
1855,164,10,4,2026-06-04 10:45,Therapy Session,Completed,1606
1856,83,3,1,2026-06-04 10:30,New Patient,Completed,1607
1857,59,3,1,2026-06-05 08:30,Wellness/Annual,Completed,1608
1858,22,15,5,2026-06-05 13:45,Urgent,Completed,1609
1859,211,12,4,2026-06-05 13:15,Therapy Session,No-Show,
1860,75,16,6,2026-06-05 08:30,Lab/Imaging Order,Completed,1610
1861,129,14,5,2026-06-05 08:00,Urgent,Cancelled,
1862,63,14,5,2026-06-05 09:30,Urgent,Completed,1611
1863,27,9,3,2026-06-05 15:00,New Patient,Completed,1612
1864,215,5,2,2026-06-05 14:00,New Patient,Completed,1613
1865,51,3,1,2026-06-05 14:00,New Patient,No-Show,
1866,129,1,1,2026-06-05 13:30,Follow-Up,Completed,1614
1867,7,4,2,2026-06-05 14:45,Follow-Up,No-Show,
1868,82,5,2,2026-06-05 10:00,Wellness/Annual,Cancelled,
1869,64,17,6,2026-06-05 11:15,Lab/Imaging Order,Completed,1615
1870,46,3,1,2026-06-05 13:45,New Patient,Cancelled,
1871,190,3,1,2026-06-05 08:00,Wellness/Annual,Cancelled,
1872,79,3,1,2026-06-05 11:00,New Patient,Completed,1616
1873,86,14,5,2026-06-08 14:30,Urgent,Completed,1617
1874,68,13,5,2026-06-08 16:45,Urgent,Completed,1618
1875,71,10,4,2026-06-08 16:30,Therapy Session,Cancelled,
1876,92,7,3,2026-06-08 09:30,Follow-Up,Completed,1619
1877,41,8,3,2026-06-08 11:00,Follow-Up,Completed,1620
1878,218,2,1,2026-06-08 13:15,Wellness/Annual,Completed,1621
1879,179,3,1,2026-06-08 14:15,Wellness/Annual,Completed,1622
1880,194,18,6,2026-06-08 14:45,Lab/Imaging Order,Completed,1623
1881,179,15,5,2026-06-08 14:15,Urgent,Completed,1624
1882,110,6,2,2026-06-08 08:45,New Patient,Completed,1625
1883,156,15,5,2026-06-08 16:00,Urgent,Completed,1626
1884,6,1,1,2026-06-08 11:45,Follow-Up,Cancelled,
1885,43,3,1,2026-06-08 09:30,New Patient,Completed,1627
1886,32,1,1,2026-06-08 14:15,Follow-Up,Completed,1628
1887,43,15,5,2026-06-08 14:30,Urgent,Completed,1629
1888,68,3,1,2026-06-08 09:00,Wellness/Annual,Completed,1630
1889,106,16,6,2026-06-08 16:15,Lab/Imaging Order,Completed,1631
1890,8,6,2,2026-06-09 14:15,New Patient,Completed,1632
1891,56,5,2,2026-06-09 14:45,Follow-Up,Completed,1633
1892,112,13,5,2026-06-09 15:15,Urgent,No-Show,
1893,24,18,6,2026-06-09 09:45,Lab/Imaging Order,No-Show,
1894,182,6,2,2026-06-09 09:00,Wellness/Annual,No-Show,
1895,10,4,2,2026-06-09 16:45,New Patient,Completed,1634
1896,217,4,2,2026-06-09 12:30,New Patient,Completed,1635
1897,123,9,3,2026-06-09 09:45,Wellness/Annual,Completed,1636
1898,219,13,5,2026-06-09 09:45,Urgent,Completed,1637
1899,42,13,5,2026-06-09 16:00,Urgent,Completed,1638
1900,55,15,5,2026-06-09 14:45,Urgent,Completed,1639
1901,10,10,4,2026-06-09 15:30,Therapy Session,Completed,1640
1902,13,2,1,2026-06-09 11:00,New Patient,Completed,1641
1903,141,5,2,2026-06-09 13:30,Follow-Up,Completed,1642
1904,125,11,4,2026-06-09 09:45,Therapy Session,Completed,1643
1905,154,6,2,2026-06-09 08:00,New Patient,Completed,1644
1906,76,6,2,2026-06-10 10:45,New Patient,Completed,1645
1907,67,7,3,2026-06-10 08:45,Follow-Up,No-Show,
1908,220,2,1,2026-06-10 12:00,Wellness/Annual,Completed,1646
1909,2,7,3,2026-06-10 14:45,New Patient,Completed,1647
1910,50,7,3,2026-06-10 09:00,Wellness/Annual,Completed,1648
1911,73,1,1,2026-06-10 16:30,New Patient,Completed,1649
1912,10,1,1,2026-06-10 16:30,Wellness/Annual,Completed,1650
1913,50,14,5,2026-06-10 13:45,Urgent,Completed,1651
1914,93,15,5,2026-06-10 15:00,Urgent,Completed,1652
1915,183,2,1,2026-06-10 11:30,Follow-Up,No-Show,
1916,202,4,2,2026-06-10 09:30,Wellness/Annual,Completed,1653
1917,173,3,1,2026-06-10 11:00,Wellness/Annual,Completed,1654
1918,159,3,1,2026-06-10 15:30,Wellness/Annual,Completed,1655
1919,152,17,6,2026-06-10 12:00,Lab/Imaging Order,Completed,1656
1920,77,15,5,2026-06-10 13:15,Urgent,Completed,1657
1921,60,7,3,2026-06-10 12:30,Follow-Up,Completed,1658
1922,108,1,1,2026-06-10 16:00,Wellness/Annual,Completed,1659
1923,186,5,2,2026-06-10 10:45,Follow-Up,Completed,1660
1924,62,4,2,2026-06-10 10:30,Wellness/Annual,Completed,1661
1925,185,1,1,2026-06-11 13:15,Follow-Up,Completed,1662
1926,8,9,3,2026-06-11 10:45,Follow-Up,Completed,1663
1927,57,1,1,2026-06-11 10:30,Wellness/Annual,Completed,1664
1928,135,16,6,2026-06-11 14:15,Lab/Imaging Order,Cancelled,
1929,155,1,1,2026-06-11 14:15,Follow-Up,Completed,1665
1930,154,4,2,2026-06-11 10:00,New Patient,Completed,1666
1931,98,2,1,2026-06-11 11:45,Wellness/Annual,Completed,1667
1932,151,1,1,2026-06-11 16:00,New Patient,Completed,1668
1933,28,13,5,2026-06-11 11:15,Urgent,Completed,1669
1934,48,1,1,2026-06-11 13:45,Wellness/Annual,Cancelled,
1935,97,2,1,2026-06-11 12:45,Wellness/Annual,No-Show,
1936,154,14,5,2026-06-11 12:00,Urgent,Completed,1670
1937,22,1,1,2026-06-11 15:45,Follow-Up,Completed,1671
1938,114,13,5,2026-06-11 08:00,Urgent,Completed,1672
1939,110,18,6,2026-06-11 13:00,Lab/Imaging Order,Completed,1673
1940,166,3,1,2026-06-11 15:00,Follow-Up,Completed,1674
1941,123,14,5,2026-06-11 16:45,Urgent,No-Show,
1942,162,11,4,2026-06-11 14:15,Therapy Session,Completed,1675
1943,97,1,1,2026-06-11 16:30,Wellness/Annual,Completed,1676
1944,80,18,6,2026-06-11 11:00,Lab/Imaging Order,Cancelled,
1945,117,16,6,2026-06-11 13:15,Lab/Imaging Order,Completed,1677
1946,154,5,2,2026-06-11 16:45,Wellness/Annual,Completed,1678
1947,128,3,1,2026-06-11 13:00,Follow-Up,Completed,1679
1948,209,13,5,2026-06-11 14:30,Urgent,Completed,1680
1949,47,14,5,2026-06-11 12:30,Urgent,Completed,1681
1950,136,17,6,2026-06-12 15:30,Lab/Imaging Order,Completed,1682
1951,36,6,2,2026-06-12 08:45,Follow-Up,Completed,1683
1952,14,3,1,2026-06-12 10:45,Follow-Up,Completed,1684
1953,176,14,5,2026-06-12 12:15,Urgent,Cancelled,
1954,112,11,4,2026-06-12 13:00,Therapy Session,Cancelled,
1955,127,14,5,2026-06-12 15:00,Urgent,Completed,1685
1956,14,6,2,2026-06-12 08:15,Follow-Up,Completed,1686
1957,199,13,5,2026-06-12 11:15,Urgent,Completed,1687
1958,114,9,3,2026-06-12 14:15,New Patient,Completed,1688
1959,7,16,6,2026-06-12 08:30,Lab/Imaging Order,Completed,1689
1960,109,16,6,2026-06-12 15:45,Lab/Imaging Order,No-Show,
1961,177,13,5,2026-06-12 16:45,Urgent,Completed,1690
1962,154,17,6,2026-06-12 10:00,Lab/Imaging Order,Completed,1691
1963,196,5,2,2026-06-12 11:30,New Patient,No-Show,
1964,20,13,5,2026-06-12 09:30,Urgent,Completed,1692
1965,16,4,2,2026-06-12 08:30,Follow-Up,Completed,1693
1966,168,3,1,2026-06-12 12:15,New Patient,Completed,1694
1967,104,13,5,2026-06-12 16:30,Urgent,Completed,1695
1968,27,18,6,2026-06-12 14:15,Lab/Imaging Order,Completed,1696
1969,109,18,6,2026-06-12 09:00,Lab/Imaging Order,Completed,1697
1970,122,1,1,2026-06-12 13:00,New Patient,Completed,1698
1971,84,11,4,2026-06-15 15:15,Therapy Session,Completed,1699
1972,169,2,1,2026-06-15 09:45,New Patient,Completed,1700
1973,155,8,3,2026-06-15 08:15,New Patient,No-Show,
1974,53,14,5,2026-06-15 10:45,Urgent,Completed,1701
1975,16,15,5,2026-06-15 10:30,Urgent,Completed,1702
1976,138,16,6,2026-06-15 15:15,Lab/Imaging Order,Completed,1703
1977,194,9,3,2026-06-15 09:30,New Patient,No-Show,
1978,124,3,1,2026-06-15 16:45,Wellness/Annual,Completed,1704
1979,184,1,1,2026-06-15 10:15,Follow-Up,Completed,1705
1980,194,16,6,2026-06-15 14:00,Lab/Imaging Order,Completed,1706
1981,198,14,5,2026-06-15 15:45,Urgent,Completed,1707
1982,94,3,1,2026-06-15 10:30,New Patient,Completed,1708
1983,149,1,1,2026-06-15 12:15,New Patient,Completed,1709
1984,86,7,3,2026-06-15 09:00,Follow-Up,Completed,1710
1985,130,7,3,2026-06-15 10:45,New Patient,Completed,1711
1986,130,2,1,2026-06-16 11:30,Wellness/Annual,Completed,1712
1987,99,11,4,2026-06-16 11:45,Therapy Session,Completed,1713
1988,178,17,6,2026-06-16 10:45,Lab/Imaging Order,Completed,1714
1989,43,18,6,2026-06-16 15:15,Lab/Imaging Order,Completed,1715
1990,192,3,1,2026-06-16 08:30,Follow-Up,No-Show,
1991,72,2,1,2026-06-16 10:45,New Patient,Completed,1716
1992,98,16,6,2026-06-16 11:00,Lab/Imaging Order,Cancelled,
1993,10,3,1,2026-06-16 08:15,Wellness/Annual,No-Show,
1994,187,7,3,2026-06-16 12:00,New Patient,No-Show,
1995,86,13,5,2026-06-16 12:00,Urgent,Completed,1717
1996,109,14,5,2026-06-16 09:15,Urgent,Completed,1718
1997,78,3,1,2026-06-16 12:45,Follow-Up,Completed,1719
1998,200,18,6,2026-06-16 11:00,Lab/Imaging Order,Completed,1720
1999,32,3,1,2026-06-16 12:15,Wellness/Annual,Completed,1721
2000,110,8,3,2026-06-16 09:45,Follow-Up,Completed,1722
2001,171,12,4,2026-06-16 13:00,Therapy Session,No-Show,
2002,42,15,5,2026-06-16 15:45,Urgent,Completed,1723
2003,165,14,5,2026-06-17 14:00,Urgent,Completed,1724
2004,145,11,4,2026-06-17 16:00,Therapy Session,No-Show,
2005,123,5,2,2026-06-17 10:45,Follow-Up,Completed,1725
2006,137,6,2,2026-06-17 13:00,New Patient,Completed,1726
2007,147,10,4,2026-06-17 09:15,Therapy Session,Completed,1727
2008,135,14,5,2026-06-17 14:00,Urgent,Cancelled,
2009,2,13,5,2026-06-17 10:30,Urgent,Completed,1728
2010,5,12,4,2026-06-17 10:15,Therapy Session,No-Show,
2011,88,1,1,2026-06-17 08:00,Wellness/Annual,Completed,1729
2012,89,15,5,2026-06-17 10:15,Urgent,Completed,1730
2013,4,1,1,2026-06-17 11:00,Follow-Up,Completed,1731
2014,121,7,3,2026-06-17 12:00,Wellness/Annual,Completed,1732
2015,174,5,2,2026-06-17 12:00,Follow-Up,Completed,1733
2016,186,2,1,2026-06-17 12:45,New Patient,Completed,1734
2017,144,8,3,2026-06-17 11:30,Wellness/Annual,Completed,1735
2018,81,15,5,2026-06-17 11:15,Urgent,No-Show,
2019,122,14,5,2026-06-17 13:45,Urgent,No-Show,
2020,75,9,3,2026-06-17 10:45,New Patient,Completed,1736
2021,87,18,6,2026-06-17 16:00,Lab/Imaging Order,Completed,1737
2022,43,5,2,2026-06-17 08:00,Wellness/Annual,Completed,1738
2023,37,17,6,2026-06-17 13:30,Lab/Imaging Order,Completed,1739
2024,29,5,2,2026-06-17 08:15,Follow-Up,Completed,1740
2025,17,1,1,2026-06-17 15:30,New Patient,Completed,1741
2026,169,1,1,2026-06-17 08:30,Follow-Up,Completed,1742
2027,98,12,4,2026-06-17 10:30,Therapy Session,No-Show,
2028,58,11,4,2026-06-18 16:15,Therapy Session,Completed,1743
2029,211,18,6,2026-06-18 09:15,Lab/Imaging Order,Completed,1744
2030,9,15,5,2026-06-18 14:15,Urgent,Completed,1745
2031,217,4,2,2026-06-18 13:45,New Patient,Completed,1746
2032,135,2,1,2026-06-18 16:45,New Patient,Completed,1747
2033,62,11,4,2026-06-18 08:15,Therapy Session,Completed,1748
2034,85,6,2,2026-06-18 16:15,Wellness/Annual,Completed,1749
2035,212,4,2,2026-06-18 16:00,Wellness/Annual,Completed,1750
2036,103,10,4,2026-06-18 12:30,Therapy Session,No-Show,
2037,45,15,5,2026-06-18 11:00,Urgent,Completed,1751
2038,184,10,4,2026-06-18 13:30,Therapy Session,Completed,1752
2039,96,6,2,2026-06-18 09:00,New Patient,Completed,1753
2040,175,1,1,2026-06-18 09:45,Wellness/Annual,Completed,1754
2041,37,2,1,2026-06-18 09:00,Wellness/Annual,Completed,1755
2042,114,17,6,2026-06-19 11:45,Lab/Imaging Order,Completed,1756
2043,75,3,1,2026-06-19 09:30,Follow-Up,Completed,1757
2044,97,3,1,2026-06-19 16:15,Wellness/Annual,Completed,1758
2045,129,2,1,2026-06-19 15:45,Follow-Up,No-Show,
2046,70,13,5,2026-06-19 08:15,Urgent,Completed,1759
2047,130,15,5,2026-06-19 09:00,Urgent,Cancelled,
2048,171,6,2,2026-06-19 15:15,New Patient,Cancelled,
2049,26,17,6,2026-06-19 11:15,Lab/Imaging Order,Completed,1760
2050,141,6,2,2026-06-19 13:15,New Patient,Completed,1761
2051,61,1,1,2026-06-19 09:45,Wellness/Annual,Completed,1762
2052,12,7,3,2026-06-19 08:30,New Patient,No-Show,
2053,26,6,2,2026-06-19 15:00,New Patient,Completed,1763
2054,2,2,1,2026-06-19 13:00,Wellness/Annual,Completed,1764
2055,37,8,3,2026-06-19 14:30,Wellness/Annual,Completed,1765
2056,188,5,2,2026-06-19 09:45,Wellness/Annual,Completed,1766
2057,199,14,5,2026-06-19 15:15,Urgent,Completed,1767
2058,43,13,5,2026-06-19 10:15,Urgent,Completed,1768
2059,53,2,1,2026-06-19 11:00,Wellness/Annual,Completed,1769
2060,96,10,4,2026-06-19 10:30,Therapy Session,Completed,1770
2061,100,8,3,2026-06-19 14:45,Follow-Up,Completed,1771
2062,57,3,1,2026-06-19 11:45,Follow-Up,Completed,1772
2063,99,7,3,2026-06-19 11:30,Follow-Up,No-Show,
2064,97,16,6,2026-06-19 10:00,Lab/Imaging Order,Cancelled,
2065,41,3,1,2026-06-22 15:00,Follow-Up,Completed,1773
2066,86,17,6,2026-06-22 15:30,Lab/Imaging Order,Completed,1774
2067,29,1,1,2026-06-22 16:45,Follow-Up,Completed,1775
2068,206,9,3,2026-06-22 13:45,Wellness/Annual,Completed,1776
2069,210,14,5,2026-06-22 10:45,Urgent,Cancelled,
2070,106,12,4,2026-06-22 11:45,Therapy Session,Completed,1777
2071,179,10,4,2026-06-22 08:00,Therapy Session,Completed,1778
2072,44,15,5,2026-06-22 09:45,Urgent,Completed,1779
2073,69,17,6,2026-06-22 08:00,Lab/Imaging Order,Completed,1780
2074,129,5,2,2026-06-22 13:45,New Patient,Completed,1781
2075,38,10,4,2026-06-22 13:30,Therapy Session,No-Show,
2076,214,13,5,2026-06-22 10:30,Urgent,Completed,1782
2077,32,7,3,2026-06-22 16:45,Wellness/Annual,Cancelled,
2078,67,11,4,2026-06-22 09:15,Therapy Session,Completed,1783
2079,155,1,1,2026-06-22 08:45,New Patient,Completed,1784
2080,162,10,4,2026-06-22 12:00,Therapy Session,Completed,1785
2081,108,4,2,2026-06-22 16:00,Follow-Up,No-Show,
2082,121,3,1,2026-06-22 14:45,New Patient,No-Show,
2083,123,13,5,2026-06-22 11:30,Urgent,Completed,1786
2084,203,15,5,2026-06-22 11:00,Urgent,Completed,1787
2085,167,16,6,2026-06-22 12:30,Lab/Imaging Order,Completed,1788
2086,2,14,5,2026-06-23 12:45,Urgent,Completed,1789
2087,73,3,1,2026-06-23 12:45,New Patient,Completed,1790
2088,35,6,2,2026-06-23 13:00,Follow-Up,Completed,1791
2089,99,14,5,2026-06-23 13:30,Urgent,Completed,1792
2090,109,9,3,2026-06-23 10:15,Wellness/Annual,Completed,1793
2091,211,18,6,2026-06-23 16:15,Lab/Imaging Order,Completed,1794
2092,109,5,2,2026-06-23 10:15,Wellness/Annual,Completed,1795
2093,189,7,3,2026-06-23 14:45,Wellness/Annual,Completed,1796
2094,46,6,2,2026-06-23 10:30,Follow-Up,Completed,1797
2095,163,18,6,2026-06-23 16:30,Lab/Imaging Order,Completed,1798
2096,154,5,2,2026-06-23 15:45,New Patient,Completed,1799
2097,71,14,5,2026-06-23 10:45,Urgent,Completed,1800
2098,157,9,3,2026-06-23 12:45,Wellness/Annual,No-Show,
2099,180,14,5,2026-06-23 08:45,Urgent,Completed,1801
2100,204,14,5,2026-06-23 15:00,Urgent,Completed,1802
2101,109,12,4,2026-06-23 08:00,Therapy Session,Completed,1803
2102,112,12,4,2026-06-23 16:30,Therapy Session,No-Show,
2103,166,4,2,2026-06-24 14:45,Follow-Up,Completed,1804
2104,68,15,5,2026-06-24 10:45,Urgent,Cancelled,
2105,151,15,5,2026-06-24 10:30,Urgent,Completed,1805
2106,194,7,3,2026-06-24 12:00,Follow-Up,Completed,1806
2107,90,3,1,2026-06-24 08:00,New Patient,No-Show,
2108,113,1,1,2026-06-24 14:30,Wellness/Annual,No-Show,
2109,54,15,5,2026-06-24 08:30,Urgent,Completed,1807
2110,100,1,1,2026-06-24 14:15,Follow-Up,No-Show,
2111,56,2,1,2026-06-24 12:30,Follow-Up,Completed,1808
2112,39,12,4,2026-06-24 11:15,Therapy Session,Completed,1809
2113,72,17,6,2026-06-24 13:45,Lab/Imaging Order,Completed,1810
2114,179,8,3,2026-06-24 16:45,New Patient,Completed,1811
2115,86,18,6,2026-06-24 10:30,Lab/Imaging Order,Completed,1812
2116,122,9,3,2026-06-24 08:30,Follow-Up,Completed,1813
2117,52,11,4,2026-06-24 12:00,Therapy Session,No-Show,
2118,167,13,5,2026-06-24 11:00,Urgent,Completed,1814
2119,39,6,2,2026-06-24 12:30,New Patient,Completed,1815
2120,34,18,6,2026-06-24 14:45,Lab/Imaging Order,Completed,1816
2121,150,14,5,2026-06-25 13:45,Urgent,Cancelled,
2122,129,12,4,2026-06-25 14:30,Therapy Session,Completed,1817
2123,103,14,5,2026-06-25 14:00,Urgent,Completed,1818
2124,188,5,2,2026-06-25 14:45,Wellness/Annual,Completed,1819
2125,151,9,3,2026-06-25 08:00,Follow-Up,Completed,1820
2126,219,8,3,2026-06-25 13:30,New Patient,Completed,1821
2127,56,1,1,2026-06-25 16:45,New Patient,Completed,1822
2128,65,10,4,2026-06-25 15:30,Therapy Session,Cancelled,
2129,212,8,3,2026-06-25 08:15,New Patient,Completed,1823
2130,215,7,3,2026-06-25 09:45,Follow-Up,Completed,1824
2131,130,16,6,2026-06-25 11:00,Lab/Imaging Order,Completed,1825
2132,54,14,5,2026-06-25 16:30,Urgent,Completed,1826
2133,174,12,4,2026-06-25 09:15,Therapy Session,Completed,1827
2134,46,9,3,2026-06-25 16:15,New Patient,Completed,1828
2135,15,15,5,2026-06-26 11:00,Urgent,Completed,1829
2136,148,14,5,2026-06-26 15:15,Urgent,Completed,1830
2137,76,7,3,2026-06-26 09:30,New Patient,Completed,1831
2138,17,1,1,2026-06-26 11:00,Follow-Up,Completed,1832
2139,190,18,6,2026-06-26 14:30,Lab/Imaging Order,Completed,1833
2140,84,14,5,2026-06-26 12:00,Urgent,Completed,1834
2141,79,2,1,2026-06-26 09:00,Wellness/Annual,No-Show,
2142,192,18,6,2026-06-26 14:45,Lab/Imaging Order,Completed,1835
2143,104,13,5,2026-06-26 16:15,Urgent,Completed,1836
2144,214,14,5,2026-06-26 14:15,Urgent,No-Show,
2145,128,2,1,2026-06-26 09:00,Wellness/Annual,No-Show,
2146,170,10,4,2026-06-26 13:45,Therapy Session,No-Show,
2147,117,3,1,2026-06-26 11:15,New Patient,Cancelled,
2148,170,3,1,2026-06-26 12:30,Follow-Up,Completed,1837
2149,86,5,2,2026-06-26 08:30,New Patient,Completed,1838
2150,45,4,2,2026-06-26 12:00,New Patient,Completed,1839
2151,184,16,6,2026-06-26 08:30,Lab/Imaging Order,Completed,1840
2152,85,2,1,2026-06-26 13:45,Wellness/Annual,Completed,1841
2153,160,15,5,2026-06-26 11:00,Urgent,Completed,1842
2154,50,18,6,2026-06-26 16:45,Lab/Imaging Order,No-Show,
2155,71,6,2,2026-06-26 15:00,Wellness/Annual,Completed,1843
2156,66,15,5,2026-06-26 16:30,Urgent,Completed,1844
2157,188,9,3,2026-06-26 13:15,New Patient,Completed,1845
2158,210,1,1,2026-06-26 13:15,Wellness/Annual,Cancelled,
2159,3,14,5,2026-06-26 16:30,Urgent,Completed,1846
2160,170,6,2,2026-06-29 10:15,Wellness/Annual,Completed,1847
2161,11,4,2,2026-06-29 16:30,Follow-Up,Completed,1848
2162,83,17,6,2026-06-29 16:15,Lab/Imaging Order,Completed,1849
2163,52,6,2,2026-06-29 15:30,New Patient,Completed,1850
2164,17,3,1,2026-06-29 12:45,Wellness/Annual,Completed,1851
2165,66,11,4,2026-06-29 13:15,Therapy Session,Completed,1852
2166,104,18,6,2026-06-29 15:45,Lab/Imaging Order,Completed,1853
2167,201,17,6,2026-06-29 11:00,Lab/Imaging Order,Cancelled,
2168,122,15,5,2026-06-29 10:15,Urgent,Completed,1854
2169,13,6,2,2026-06-29 16:30,Wellness/Annual,Completed,1855
2170,2,18,6,2026-06-29 09:30,Lab/Imaging Order,Completed,1856
2171,67,17,6,2026-06-29 12:45,Lab/Imaging Order,Completed,1857
2172,212,18,6,2026-06-29 14:15,Lab/Imaging Order,Completed,1858
2173,182,10,4,2026-06-29 16:30,Therapy Session,Completed,1859
2174,218,18,6,2026-06-29 11:15,Lab/Imaging Order,Completed,1860
2175,47,17,6,2026-06-29 14:30,Lab/Imaging Order,Completed,1861
2176,144,5,2,2026-06-30 08:45,Wellness/Annual,Completed,1862
2177,147,4,2,2026-06-30 12:30,Wellness/Annual,Cancelled,
2178,87,4,2,2026-06-30 09:45,New Patient,Completed,1863
2179,114,8,3,2026-06-30 13:45,Follow-Up,Completed,1864
2180,167,14,5,2026-06-30 11:30,Urgent,Completed,1865
2181,186,1,1,2026-06-30 12:00,New Patient,Completed,1866
2182,14,7,3,2026-06-30 08:00,Wellness/Annual,No-Show,
2183,119,5,2,2026-06-30 11:30,Follow-Up,Completed,1867
2184,120,2,1,2026-06-30 13:45,Wellness/Annual,Completed,1868
2185,96,12,4,2026-06-30 15:15,Therapy Session,Completed,1869
2186,214,4,2,2026-06-30 13:45,Wellness/Annual,Completed,1870
2187,198,3,1,2026-06-30 09:15,Follow-Up,Completed,1871
2188,103,8,3,2026-06-30 15:00,Wellness/Annual,Completed,1872
2189,147,5,2,2026-06-30 08:15,Follow-Up,Completed,1873
2190,26,2,1,2026-06-30 09:45,New Patient,Completed,1874
2191,70,12,4,2026-06-30 08:45,Therapy Session,Completed,1875
2192,149,2,1,2026-06-30 16:45,New Patient,Completed,1876
2193,181,17,6,2026-06-30 16:45,Lab/Imaging Order,Cancelled,
2194,35,1,1,2026-06-30 16:15,Wellness/Annual,Completed,1877
2195,49,2,1,2026-06-30 15:30,New Patient,Completed,1878
2196,146,9,3,2026-06-30 15:00,Follow-Up,Completed,1879
2197,206,13,5,2026-06-30 13:45,Urgent,Completed,1880
2198,121,6,2,2026-06-30 12:00,Wellness/Annual,Completed,1881
2199,33,15,5,2026-06-30 11:15,Urgent,Cancelled,
2200,83,10,4,2026-06-30 10:45,Therapy Session,No-Show,
2201,140,12,4,2026-07-01 10:30,Therapy Session,Completed,1882
2202,55,18,6,2026-07-01 10:30,Lab/Imaging Order,Completed,1883
2203,88,15,5,2026-07-01 09:15,Urgent,Completed,1884
2204,139,15,5,2026-07-01 09:15,Urgent,Completed,1885
2205,98,17,6,2026-07-01 10:15,Lab/Imaging Order,No-Show,
2206,134,3,1,2026-07-01 11:15,New Patient,Completed,1886
2207,3,2,1,2026-07-01 08:45,New Patient,Completed,1887
2208,112,14,5,2026-07-01 09:15,Urgent,Completed,1888
2209,25,13,5,2026-07-01 15:15,Urgent,No-Show,
2210,102,12,4,2026-07-01 16:00,Therapy Session,Completed,1889
2211,168,5,2,2026-07-01 14:30,Follow-Up,Completed,1890
2212,193,15,5,2026-07-01 11:00,Urgent,Completed,1891
2213,30,6,2,2026-07-01 15:00,Wellness/Annual,Cancelled,
2214,144,2,1,2026-07-01 09:15,Wellness/Annual,Completed,1892
2215,64,2,1,2026-07-01 11:45,New Patient,Completed,1893
2216,141,10,4,2026-07-02 16:45,Therapy Session,Completed,1894
2217,140,14,5,2026-07-02 11:30,Urgent,Completed,1895
2218,80,17,6,2026-07-02 13:30,Lab/Imaging Order,Completed,1896
2219,39,1,1,2026-07-02 11:15,Wellness/Annual,No-Show,
2220,163,6,2,2026-07-02 15:00,Wellness/Annual,Completed,1897
2221,7,18,6,2026-07-02 11:00,Lab/Imaging Order,Completed,1898
2222,98,18,6,2026-07-02 08:30,Lab/Imaging Order,Cancelled,
2223,208,6,2,2026-07-02 16:30,New Patient,Completed,1899
2224,112,9,3,2026-07-02 08:45,New Patient,Completed,1900
2225,46,1,1,2026-07-02 14:45,Follow-Up,Completed,1901
2226,220,6,2,2026-07-02 12:45,New Patient,Completed,1902
2227,124,16,6,2026-07-02 08:45,Lab/Imaging Order,Completed,1903
2228,148,2,1,2026-07-02 14:30,Follow-Up,Completed,1904
2229,39,11,4,2026-07-02 10:45,Therapy Session,Completed,1905
2230,67,3,1,2026-07-02 14:30,Wellness/Annual,Completed,1906
2231,201,11,4,2026-07-02 16:45,Therapy Session,No-Show,
2232,113,14,5,2026-07-02 15:45,Urgent,Completed,1907
2233,191,7,3,2026-07-02 09:00,Follow-Up,No-Show,
2234,92,7,3,2026-07-02 10:45,New Patient,No-Show,
2235,105,13,5,2026-07-02 16:15,Urgent,Completed,1908
2236,209,5,2,2026-07-03 08:45,Wellness/Annual,Completed,1909
2237,138,2,1,2026-07-03 13:15,Follow-Up,Completed,1910
2238,65,14,5,2026-07-03 16:30,Urgent,Completed,1911
2239,80,2,1,2026-07-03 16:00,New Patient,Completed,1912
2240,141,8,3,2026-07-03 15:45,Wellness/Annual,No-Show,
2241,185,1,1,2026-07-03 10:15,Wellness/Annual,Cancelled,
2242,9,17,6,2026-07-03 09:30,Lab/Imaging Order,Completed,1913
2243,128,18,6,2026-07-03 11:00,Lab/Imaging Order,Completed,1914
2244,101,18,6,2026-07-03 12:30,Lab/Imaging Order,Completed,1915
2245,21,2,1,2026-07-03 08:15,Wellness/Annual,Completed,1916
2246,193,15,5,2026-07-03 08:00,Urgent,Completed,1917
2247,169,7,3,2026-07-03 09:00,Wellness/Annual,Completed,1918
2248,44,14,5,2026-07-03 14:45,Urgent,Completed,1919
2249,52,13,5,2026-07-03 08:30,Urgent,Completed,1920
2250,67,1,1,2026-07-03 15:15,Follow-Up,Completed,1921
2251,163,15,5,2026-07-03 15:00,Urgent,Cancelled,
2252,145,1,1,2026-07-03 15:45,Follow-Up,Completed,1922
2253,40,3,1,2026-07-03 13:15,Wellness/Annual,Completed,1923
2254,152,4,2,2026-07-06 13:30,New Patient,Completed,1924
2255,5,4,2,2026-07-06 13:45,Follow-Up,Completed,1925
2256,99,10,4,2026-07-06 10:30,Therapy Session,Completed,1926
2257,187,17,6,2026-07-06 15:15,Lab/Imaging Order,Completed,1927
2258,162,13,5,2026-07-06 13:30,Urgent,Completed,1928
2259,218,18,6,2026-07-06 12:15,Lab/Imaging Order,Completed,1929
2260,149,2,1,2026-07-06 08:00,Follow-Up,Completed,1930
2261,33,5,2,2026-07-06 10:45,Follow-Up,Completed,1931
2262,60,3,1,2026-07-06 09:30,New Patient,Completed,1932
2263,193,16,6,2026-07-06 15:15,Lab/Imaging Order,Completed,1933
2264,3,10,4,2026-07-06 09:30,Therapy Session,No-Show,
2265,56,10,4,2026-07-06 13:30,Therapy Session,Completed,1934
2266,202,17,6,2026-07-06 15:00,Lab/Imaging Order,Completed,1935
2267,187,14,5,2026-07-06 11:45,Urgent,Completed,1936
2268,18,17,6,2026-07-06 12:30,Lab/Imaging Order,Completed,1937
2269,46,14,5,2026-07-06 11:00,Urgent,Completed,1938
2270,79,1,1,2026-07-06 14:00,New Patient,Completed,1939
2271,117,14,5,2026-07-06 11:15,Urgent,Completed,1940
2272,215,6,2,2026-07-06 11:00,Wellness/Annual,Completed,1941
2273,6,14,5,2026-07-06 16:30,Urgent,Completed,1942
2274,13,17,6,2026-07-06 10:15,Lab/Imaging Order,Completed,1943
2275,14,5,2,2026-07-06 12:00,Wellness/Annual,Completed,1944
2276,96,10,4,2026-07-06 13:00,Therapy Session,No-Show,
2277,125,10,4,2026-07-07 16:00,Therapy Session,Completed,1945
2278,158,16,6,2026-07-07 15:00,Lab/Imaging Order,Completed,1946
2279,132,13,5,2026-07-07 10:30,Urgent,Completed,1947
2280,3,4,2,2026-07-07 15:45,New Patient,Completed,1948
2281,129,11,4,2026-07-07 13:45,Therapy Session,Completed,1949
2282,11,18,6,2026-07-07 08:00,Lab/Imaging Order,Cancelled,
2283,188,17,6,2026-07-07 09:00,Lab/Imaging Order,Completed,1950
2284,169,5,2,2026-07-07 14:15,New Patient,Completed,1951
2285,90,16,6,2026-07-07 08:45,Lab/Imaging Order,Completed,1952
2286,40,2,1,2026-07-07 15:15,Wellness/Annual,Completed,1953
2287,73,2,1,2026-07-07 15:15,New Patient,Completed,1954
2288,161,15,5,2026-07-07 13:00,Urgent,Completed,1955
2289,145,5,2,2026-07-07 14:45,New Patient,Completed,1956
2290,109,16,6,2026-07-07 12:30,Lab/Imaging Order,Completed,1957
2291,129,16,6,2026-07-07 08:45,Lab/Imaging Order,Completed,1958
2292,62,4,2,2026-07-07 15:45,Follow-Up,Completed,1959
2293,215,10,4,2026-07-07 14:00,Therapy Session,Completed,1960
2294,210,2,1,2026-07-08 13:30,Follow-Up,No-Show,
2295,76,2,1,2026-07-08 08:00,Wellness/Annual,Completed,1961
2296,35,11,4,2026-07-08 12:45,Therapy Session,No-Show,
2297,205,1,1,2026-07-08 11:15,Follow-Up,Completed,1962
2298,159,2,1,2026-07-08 08:45,New Patient,Completed,1963
2299,132,13,5,2026-07-08 15:15,Urgent,Completed,1964
2300,2,10,4,2026-07-08 10:15,Therapy Session,Completed,1965
2301,48,7,3,2026-07-08 09:30,Follow-Up,Completed,1966
2302,111,2,1,2026-07-08 16:00,New Patient,Completed,1967
2303,9,9,3,2026-07-08 16:45,Wellness/Annual,Completed,1968
2304,208,6,2,2026-07-08 12:30,Follow-Up,Completed,1969
2305,119,13,5,2026-07-08 11:45,Urgent,Cancelled,
2306,19,4,2,2026-07-08 16:00,New Patient,Completed,1970
2307,22,8,3,2026-07-08 12:45,New Patient,Completed,1971
2308,169,17,6,2026-07-08 10:30,Lab/Imaging Order,Completed,1972
2309,24,5,2,2026-07-08 09:00,New Patient,Cancelled,
2310,163,18,6,2026-07-08 09:30,Lab/Imaging Order,No-Show,
2311,179,16,6,2026-07-08 11:15,Lab/Imaging Order,Completed,1973
2312,1,8,3,2026-07-08 12:00,Wellness/Annual,Completed,1974
2313,51,1,1,2026-07-08 12:30,New Patient,Completed,1975
2314,154,5,2,2026-07-08 08:45,Follow-Up,Completed,1976
2315,135,12,4,2026-07-08 15:00,Therapy Session,Completed,1977
2316,104,3,1,2026-07-08 09:00,Follow-Up,Completed,1978
2317,166,18,6,2026-07-08 16:00,Lab/Imaging Order,Completed,1979
2318,76,8,3,2026-07-09 09:15,Follow-Up,Completed,1980
2319,103,9,3,2026-07-09 12:45,Follow-Up,Completed,1981
2320,64,3,1,2026-07-09 09:00,Follow-Up,Completed,1982
2321,147,14,5,2026-07-09 12:15,Urgent,Completed,1983
2322,214,11,4,2026-07-09 08:00,Therapy Session,Completed,1984
2323,86,17,6,2026-07-09 14:45,Lab/Imaging Order,Completed,1985
2324,123,4,2,2026-07-09 08:15,Wellness/Annual,Completed,1986
2325,55,11,4,2026-07-09 14:00,Therapy Session,Completed,1987
2326,196,17,6,2026-07-09 14:15,Lab/Imaging Order,Completed,1988
2327,214,16,6,2026-07-09 10:45,Lab/Imaging Order,Completed,1989
2328,203,4,2,2026-07-09 15:45,New Patient,Completed,1990
2329,119,17,6,2026-07-09 10:00,Lab/Imaging Order,Completed,1991
2330,95,10,4,2026-07-09 12:45,Therapy Session,Completed,1992
2331,217,4,2,2026-07-09 11:30,New Patient,Completed,1993
2332,214,6,2,2026-07-09 08:30,Wellness/Annual,No-Show,
2333,14,17,6,2026-07-09 08:00,Lab/Imaging Order,Completed,1994
2334,118,3,1,2026-07-09 16:30,New Patient,Completed,1995
2335,143,3,1,2026-07-09 10:15,Wellness/Annual,Completed,1996
2336,19,13,5,2026-07-09 08:30,Urgent,Completed,1997
2337,33,1,1,2026-07-09 16:15,New Patient,Completed,1998
2338,17,2,1,2026-07-09 11:00,Wellness/Annual,Completed,1999
2339,161,8,3,2026-07-09 09:45,Wellness/Annual,Completed,2000
2340,147,15,5,2026-07-09 11:15,Urgent,Completed,2001
2341,67,6,2,2026-07-10 13:15,Wellness/Annual,Completed,2002
2342,206,4,2,2026-07-10 14:45,Wellness/Annual,Completed,2003
2343,182,6,2,2026-07-10 08:30,Wellness/Annual,Completed,2004
2344,200,13,5,2026-07-10 15:45,Urgent,Completed,2005
2345,44,17,6,2026-07-10 09:45,Lab/Imaging Order,Completed,2006
2346,138,10,4,2026-07-10 08:15,Therapy Session,Completed,2007
2347,126,2,1,2026-07-10 13:30,Wellness/Annual,No-Show,
2348,66,16,6,2026-07-10 15:30,Lab/Imaging Order,Completed,2008
2349,109,3,1,2026-07-10 13:45,New Patient,Completed,2009
2350,53,4,2,2026-07-10 08:00,New Patient,Completed,2010
2351,65,18,6,2026-07-10 16:15,Lab/Imaging Order,Completed,2011
2352,59,2,1,2026-07-10 14:30,Wellness/Annual,Completed,2012
2353,158,1,1,2026-07-10 08:30,Follow-Up,Cancelled,
2354,18,9,3,2026-07-10 10:45,Follow-Up,Completed,2013
2355,91,14,5,2026-07-10 13:00,Urgent,Completed,2014
2356,33,15,5,2026-07-10 10:45,Urgent,Completed,2015
2357,10,2,1,2026-07-10 16:15,New Patient,No-Show,
2358,70,18,6,2026-07-10 10:30,Lab/Imaging Order,Completed,2016
2359,29,3,1,2026-07-10 14:15,Follow-Up,Cancelled,
2360,157,17,6,2026-07-10 14:45,Lab/Imaging Order,Completed,2017
2361,17,5,2,2026-07-10 14:00,New Patient,Completed,2018
2362,142,14,5,2026-07-10 08:00,Urgent,Completed,2019
2363,34,12,4,2026-07-10 12:00,Therapy Session,No-Show,
2364,168,4,2,2026-07-13 14:45,Wellness/Annual,Cancelled,
2365,32,13,5,2026-07-13 13:15,Urgent,Completed,2020
2366,78,15,5,2026-07-13 11:30,Urgent,Completed,2021
2367,23,4,2,2026-07-13 13:15,New Patient,Completed,2022
2368,103,10,4,2026-07-13 08:15,Therapy Session,No-Show,
2369,151,9,3,2026-07-13 11:00,New Patient,Completed,2023
2370,212,14,5,2026-07-13 10:15,Urgent,Completed,2024
2371,145,5,2,2026-07-13 15:30,Follow-Up,Completed,2025
2372,5,13,5,2026-07-13 12:30,Urgent,Completed,2026
2373,136,11,4,2026-07-13 15:00,Therapy Session,Completed,2027
2374,153,6,2,2026-07-13 08:00,Follow-Up,Completed,2028
2375,151,15,5,2026-07-13 11:00,Urgent,Completed,2029
2376,33,18,6,2026-07-13 15:00,Lab/Imaging Order,Completed,2030
2377,91,18,6,2026-07-13 10:30,Lab/Imaging Order,Completed,2031
2378,63,9,3,2026-07-14 08:00,New Patient,Completed,2032
2379,169,15,5,2026-07-14 12:30,Urgent,Completed,2033
2380,73,14,5,2026-07-14 11:30,Urgent,Completed,2034
2381,54,12,4,2026-07-14 16:30,Therapy Session,Completed,2035
2382,173,7,3,2026-07-14 13:45,Follow-Up,Completed,2036
2383,10,18,6,2026-07-14 15:15,Lab/Imaging Order,Cancelled,
2384,26,9,3,2026-07-14 15:45,Wellness/Annual,Completed,2037
2385,150,11,4,2026-07-14 10:15,Therapy Session,Cancelled,
2386,83,15,5,2026-07-14 12:00,Urgent,Completed,2038
2387,23,13,5,2026-07-14 10:45,Urgent,Completed,2039
2388,14,6,2,2026-07-14 10:15,New Patient,Completed,2040
2389,92,12,4,2026-07-14 13:30,Therapy Session,Completed,2041
2390,50,7,3,2026-07-14 12:30,Follow-Up,Completed,2042
2391,64,3,1,2026-07-14 09:15,Wellness/Annual,Completed,2043
2392,39,16,6,2026-07-14 16:15,Lab/Imaging Order,Completed,2044
2393,172,13,5,2026-07-14 08:30,Urgent,Completed,2045
2394,2,14,5,2026-07-14 15:45,Urgent,Completed,2046
2395,16,12,4,2026-07-14 12:45,Therapy Session,No-Show,
2396,190,12,4,2026-07-14 11:45,Therapy Session,Completed,2047
2397,87,11,4,2026-07-14 08:45,Therapy Session,No-Show,
2398,111,13,5,2026-07-14 15:00,Urgent,Completed,2048
2399,80,17,6,2026-07-14 08:45,Lab/Imaging Order,Completed,2049
2400,61,15,5,2026-07-14 11:00,Urgent,Completed,2050
2401,45,7,3,2026-07-15 08:00,Follow-Up,Completed,2051
2402,81,7,3,2026-07-15 16:30,Follow-Up,Completed,2052
2403,41,7,3,2026-07-15 16:00,Wellness/Annual,Completed,2053
2404,83,6,2,2026-07-15 12:45,New Patient,Completed,2054
2405,210,14,5,2026-07-15 13:15,Urgent,Completed,2055
2406,179,9,3,2026-07-15 12:45,Wellness/Annual,Completed,2056
2407,117,12,4,2026-07-15 10:30,Therapy Session,Cancelled,
2408,35,12,4,2026-07-15 16:15,Therapy Session,Completed,2057
2409,20,5,2,2026-07-15 16:45,Wellness/Annual,No-Show,
2410,102,6,2,2026-07-15 16:00,Wellness/Annual,Completed,2058
2411,135,3,1,2026-07-15 09:15,New Patient,Completed,2059
2412,22,16,6,2026-07-15 09:30,Lab/Imaging Order,Completed,2060
2413,103,15,5,2026-07-15 15:00,Urgent,Completed,2061
2414,141,5,2,2026-07-15 13:45,Wellness/Annual,Completed,2062
2415,1,3,1,2026-07-16 15:00,New Patient,Completed,2063
2416,171,2,1,2026-07-16 15:15,Follow-Up,Completed,2064
2417,94,11,4,2026-07-16 15:30,Therapy Session,Completed,2065
2418,89,4,2,2026-07-16 14:30,New Patient,Completed,2066
2419,55,6,2,2026-07-16 12:00,Follow-Up,Completed,2067
2420,190,14,5,2026-07-16 15:45,Urgent,Completed,2068
2421,12,6,2,2026-07-16 16:30,Follow-Up,Completed,2069
2422,129,2,1,2026-07-16 10:30,Follow-Up,Completed,2070
2423,112,12,4,2026-07-16 11:15,Therapy Session,Completed,2071
2424,178,16,6,2026-07-16 08:30,Lab/Imaging Order,Completed,2072
2425,20,1,1,2026-07-16 13:45,New Patient,Cancelled,
2426,210,13,5,2026-07-16 15:15,Urgent,Completed,2073
2427,127,3,1,2026-07-16 10:00,Wellness/Annual,Completed,2074
2428,219,1,1,2026-07-16 15:30,Follow-Up,Completed,2075
2429,117,1,1,2026-07-16 15:30,New Patient,Completed,2076
2430,208,4,2,2026-07-17 13:15,Follow-Up,Completed,2077
2431,119,18,6,2026-07-17 15:30,Lab/Imaging Order,Completed,2078
2432,157,4,2,2026-07-17 11:45,New Patient,Completed,2079
2433,54,18,6,2026-07-17 12:45,Lab/Imaging Order,Completed,2080
2434,123,5,2,2026-07-17 11:45,Wellness/Annual,Completed,2081
2435,181,13,5,2026-07-17 10:15,Urgent,Completed,2082
2436,60,2,1,2026-07-17 14:00,New Patient,Cancelled,
2437,77,3,1,2026-07-17 11:00,New Patient,Completed,2083
2438,91,5,2,2026-07-17 11:00,Follow-Up,Completed,2084
2439,143,10,4,2026-07-17 15:00,Therapy Session,Completed,2085
2440,91,7,3,2026-07-17 13:30,Follow-Up,No-Show,
2441,161,16,6,2026-07-17 16:15,Lab/Imaging Order,Completed,2086
2442,70,18,6,2026-07-17 14:30,Lab/Imaging Order,Completed,2087
2443,172,1,1,2026-07-17 10:45,New Patient,Cancelled,
2444,54,13,5,2026-07-17 10:00,Urgent,Completed,2088
2445,110,10,4,2026-07-17 16:30,Therapy Session,Cancelled,
2446,190,2,1,2026-07-17 08:15,Follow-Up,Cancelled,
2447,115,8,3,2026-07-17 11:30,Wellness/Annual,Completed,2089
2448,89,6,2,2026-07-17 13:45,Wellness/Annual,Completed,2090
2449,55,2,1,2026-07-17 16:30,Follow-Up,Completed,2091
2450,209,2,1,2026-07-17 08:30,Follow-Up,Completed,2092
2451,203,12,4,2026-07-20 11:45,Therapy Session,Completed,2093
2452,219,18,6,2026-07-20 09:30,Lab/Imaging Order,Completed,2094
2453,77,4,2,2026-07-20 16:30,Follow-Up,Completed,2095
2454,42,18,6,2026-07-20 12:30,Lab/Imaging Order,Completed,2096
2455,81,14,5,2026-07-20 12:15,Urgent,Completed,2097
2456,58,16,6,2026-07-20 11:00,Lab/Imaging Order,Completed,2098
2457,109,2,1,2026-07-20 08:30,Wellness/Annual,Completed,2099
2458,215,2,1,2026-07-20 13:45,New Patient,Completed,2100
2459,94,17,6,2026-07-20 14:30,Lab/Imaging Order,Completed,2101
2460,7,11,4,2026-07-20 13:30,Therapy Session,Completed,2102
2461,20,11,4,2026-07-20 16:15,Therapy Session,Completed,2103
2462,166,18,6,2026-07-20 16:15,Lab/Imaging Order,Completed,2104
2463,126,5,2,2026-07-20 12:30,Follow-Up,Completed,2105
2464,188,3,1,2026-07-20 10:30,Wellness/Annual,Completed,2106
2465,3,17,6,2026-07-20 10:15,Lab/Imaging Order,Completed,2107
2466,23,3,1,2026-07-20 08:30,Wellness/Annual,Completed,2108
2467,156,5,2,2026-07-20 09:15,Follow-Up,Completed,2109
2468,23,12,4,2026-07-20 09:15,Therapy Session,Completed,2110
2469,160,12,4,2026-07-20 14:15,Therapy Session,Completed,2111
2470,30,4,2,2026-07-20 10:00,New Patient,Completed,2112
2471,144,11,4,2026-07-21 08:15,Therapy Session,Completed,2113
2472,212,1,1,2026-07-21 09:00,Wellness/Annual,Completed,2114
2473,60,7,3,2026-07-21 14:45,Follow-Up,No-Show,
2474,179,6,2,2026-07-21 15:00,New Patient,No-Show,
2475,141,15,5,2026-07-21 09:00,Urgent,Completed,2115
2476,6,13,5,2026-07-21 11:30,Urgent,Completed,2116
2477,89,8,3,2026-07-21 15:45,New Patient,Completed,2117
2478,31,13,5,2026-07-21 14:00,Urgent,Completed,2118
2479,157,18,6,2026-07-21 14:15,Lab/Imaging Order,Cancelled,
2480,6,5,2,2026-07-21 13:30,New Patient,Completed,2119
2481,8,13,5,2026-07-21 15:00,Urgent,Completed,2120
2482,47,7,3,2026-07-21 12:15,New Patient,Completed,2121
2483,63,16,6,2026-07-21 15:30,Lab/Imaging Order,Completed,2122
2484,176,16,6,2026-07-21 13:30,Lab/Imaging Order,Completed,2123
2485,55,16,6,2026-07-21 12:15,Lab/Imaging Order,Completed,2124
2486,216,6,2,2026-07-21 11:15,Wellness/Annual,Completed,2125
2487,80,9,3,2026-07-21 14:30,Follow-Up,Completed,2126
2488,59,2,1,2026-07-21 15:30,New Patient,Completed,2127
2489,2,5,2,2026-07-22 09:00,Wellness/Annual,Completed,2128
2490,183,2,1,2026-07-22 14:00,New Patient,No-Show,
2491,27,10,4,2026-07-22 12:45,Therapy Session,Completed,2129
2492,201,13,5,2026-07-22 13:30,Urgent,Completed,2130
2493,218,8,3,2026-07-22 15:45,New Patient,No-Show,
2494,51,4,2,2026-07-22 12:30,Follow-Up,Completed,2131
2495,218,4,2,2026-07-22 09:45,New Patient,Completed,2132
2496,176,8,3,2026-07-22 09:45,New Patient,Completed,2133
2497,50,3,1,2026-07-22 08:00,Follow-Up,Completed,2134
2498,62,16,6,2026-07-22 12:30,Lab/Imaging Order,Completed,2135
2499,85,15,5,2026-07-22 13:00,Urgent,Completed,2136
2500,190,1,1,2026-07-22 15:30,Wellness/Annual,Completed,2137
2501,184,3,1,2026-07-22 15:15,New Patient,Completed,2138
2502,209,4,2,2026-07-22 11:15,Follow-Up,Completed,2139
2503,143,8,3,2026-07-22 10:30,New Patient,Completed,2140
2504,78,18,6,2026-07-22 16:30,Lab/Imaging Order,Cancelled,
2505,45,17,6,2026-07-22 11:30,Lab/Imaging Order,Completed,2141
2506,92,15,5,2026-07-22 14:45,Urgent,Completed,2142
2507,121,9,3,2026-07-23 09:30,New Patient,Completed,2143
2508,125,16,6,2026-07-23 09:00,Lab/Imaging Order,Completed,2144
2509,27,13,5,2026-07-23 16:15,Urgent,Cancelled,
2510,205,11,4,2026-07-23 12:15,Therapy Session,Completed,2145
2511,124,18,6,2026-07-23 12:45,Lab/Imaging Order,Completed,2146
2512,41,4,2,2026-07-23 16:00,New Patient,Completed,2147
2513,106,8,3,2026-07-23 08:15,Wellness/Annual,Completed,2148
2514,136,6,2,2026-07-23 09:00,New Patient,Completed,2149
2515,136,7,3,2026-07-23 16:45,Wellness/Annual,Completed,2150
2516,61,12,4,2026-07-23 12:30,Therapy Session,Completed,2151
2517,219,7,3,2026-07-23 12:30,Follow-Up,Completed,2152
2518,23,5,2,2026-07-23 16:15,Wellness/Annual,Completed,2153
2519,50,16,6,2026-07-23 12:30,Lab/Imaging Order,Completed,2154
2520,15,16,6,2026-07-23 11:15,Lab/Imaging Order,Completed,2155
2521,184,6,2,2026-07-23 15:30,New Patient,Completed,2156
2522,39,6,2,2026-07-23 15:45,Follow-Up,Completed,2157
2523,152,15,5,2026-07-23 08:00,Urgent,Completed,2158
2524,67,7,3,2026-07-23 10:30,New Patient,Completed,2159
2525,87,13,5,2026-07-23 11:00,Urgent,No-Show,
2526,121,15,5,2026-07-23 08:00,Urgent,Completed,2160
2527,60,4,2,2026-07-23 09:15,New Patient,Completed,2161
2528,69,10,4,2026-07-23 15:15,Therapy Session,Completed,2162
2529,5,15,5,2026-07-23 14:30,Urgent,Completed,2163
2530,159,14,5,2026-07-23 10:45,Urgent,Completed,2164
2531,135,4,2,2026-07-24 11:00,Wellness/Annual,Completed,2165
2532,25,1,1,2026-07-24 16:30,Wellness/Annual,Completed,2166
2533,112,2,1,2026-07-24 16:45,Wellness/Annual,Completed,2167
2534,213,8,3,2026-07-24 16:45,Wellness/Annual,Cancelled,
2535,186,11,4,2026-07-24 09:00,Therapy Session,Completed,2168
2536,91,2,1,2026-07-24 14:15,Wellness/Annual,Completed,2169
2537,74,6,2,2026-07-24 11:30,New Patient,Completed,2170
2538,126,9,3,2026-07-24 08:00,New Patient,No-Show,
2539,170,16,6,2026-07-24 10:45,Lab/Imaging Order,Completed,2171
2540,212,3,1,2026-07-24 10:15,New Patient,Completed,2172
2541,205,13,5,2026-07-24 09:00,Urgent,No-Show,
2542,133,3,1,2026-07-24 14:00,Follow-Up,Completed,2173
2543,177,18,6,2026-07-24 11:45,Lab/Imaging Order,Completed,2174
2544,172,15,5,2026-07-24 08:15,Urgent,Completed,2175
2545,70,15,5,2026-07-24 14:45,Urgent,Completed,2176
2546,198,18,6,2026-07-24 13:15,Lab/Imaging Order,Completed,2177
2547,139,11,4,2026-07-24 12:45,Therapy Session,Completed,2178
2548,131,2,1,2026-07-27 11:00,Follow-Up,Completed,2179
2549,164,6,2,2026-07-27 12:15,New Patient,Completed,2180
2550,210,16,6,2026-07-27 09:30,Lab/Imaging Order,Completed,2181
2551,108,5,2,2026-07-27 12:45,Wellness/Annual,Completed,2182
2552,111,8,3,2026-07-27 09:00,Wellness/Annual,Completed,2183
2553,179,14,5,2026-07-27 13:30,Urgent,Completed,2184
2554,56,10,4,2026-07-27 11:30,Therapy Session,No-Show,
2555,184,12,4,2026-07-27 14:00,Therapy Session,No-Show,
2556,81,2,1,2026-07-27 08:00,Wellness/Annual,Completed,2185
2557,208,2,1,2026-07-27 15:00,Follow-Up,Completed,2186
2558,30,12,4,2026-07-27 11:45,Therapy Session,Completed,2187
2559,106,3,1,2026-07-27 15:00,Wellness/Annual,Completed,2188
2560,153,10,4,2026-07-27 11:15,Therapy Session,Completed,2189
2561,57,3,1,2026-07-27 10:00,New Patient,Completed,2190
2562,11,17,6,2026-07-27 08:15,Lab/Imaging Order,Completed,2191
2563,66,2,1,2026-07-27 08:45,Wellness/Annual,Completed,2192
2564,213,18,6,2026-07-27 13:00,Lab/Imaging Order,Completed,2193
2565,139,13,5,2026-07-27 09:00,Urgent,Completed,2194
2566,131,6,2,2026-07-27 10:00,Follow-Up,Completed,2195
2567,155,15,5,2026-07-28 09:00,Urgent,Completed,2196
2568,17,4,2,2026-07-28 08:15,New Patient,Completed,2197
2569,66,14,5,2026-07-28 14:00,Urgent,Completed,2198
2570,68,8,3,2026-07-28 13:00,Follow-Up,Completed,2199
2571,111,5,2,2026-07-28 16:15,Wellness/Annual,Completed,2200
2572,79,16,6,2026-07-28 10:00,Lab/Imaging Order,Completed,2201
2573,137,15,5,2026-07-28 12:45,Urgent,Completed,2202
2574,127,17,6,2026-07-28 10:45,Lab/Imaging Order,Completed,2203
2575,100,11,4,2026-07-28 09:00,Therapy Session,Completed,2204
2576,70,10,4,2026-07-28 14:45,Therapy Session,Completed,2205
2577,76,15,5,2026-07-28 08:15,Urgent,Cancelled,
2578,34,5,2,2026-07-28 09:15,New Patient,Completed,2206
2579,134,13,5,2026-07-28 13:30,Urgent,Completed,2207
2580,188,2,1,2026-07-28 13:15,New Patient,Completed,2208
2581,59,12,4,2026-07-28 12:15,Therapy Session,Completed,2209
2582,186,16,6,2026-07-28 09:30,Lab/Imaging Order,Completed,2210
2583,175,13,5,2026-07-28 15:45,Urgent,Completed,2211
2584,56,1,1,2026-07-28 16:00,Follow-Up,Completed,2212
2585,133,5,2,2026-07-28 14:15,Wellness/Annual,Completed,2213
2586,77,9,3,2026-07-28 16:15,Wellness/Annual,Cancelled,
2587,211,14,5,2026-07-28 10:30,Urgent,Completed,2214
2588,143,18,6,2026-07-28 10:00,Lab/Imaging Order,Completed,2215
2589,2,16,6,2026-07-28 12:45,Lab/Imaging Order,Completed,2216
2590,77,11,4,2026-07-28 13:45,Therapy Session,No-Show,
2591,121,3,1,2026-07-29 11:00,Follow-Up,Completed,2217
2592,169,4,2,2026-07-29 08:45,Wellness/Annual,Completed,2218
2593,72,13,5,2026-07-29 12:30,Urgent,Completed,2219
2594,18,16,6,2026-07-29 15:00,Lab/Imaging Order,Completed,2220
2595,120,12,4,2026-07-29 08:00,Therapy Session,No-Show,
2596,203,1,1,2026-07-29 12:15,Wellness/Annual,Completed,2221
2597,18,15,5,2026-07-29 16:00,Urgent,Completed,2222
2598,117,10,4,2026-07-29 14:15,Therapy Session,Completed,2223
2599,155,1,1,2026-07-29 12:00,Follow-Up,Completed,2224
2600,135,15,5,2026-07-29 11:45,Urgent,Completed,2225
2601,196,8,3,2026-07-29 14:00,Follow-Up,No-Show,
2602,184,17,6,2026-07-29 10:15,Lab/Imaging Order,Completed,2226
2603,220,10,4,2026-07-29 16:45,Therapy Session,Completed,2227
2604,154,4,2,2026-07-29 11:00,New Patient,Completed,2228
2605,9,14,5,2026-07-29 12:30,Urgent,Completed,2229
2606,24,18,6,2026-07-29 09:30,Lab/Imaging Order,Completed,2230
2607,192,2,1,2026-07-29 15:00,New Patient,Completed,2231
2608,87,15,5,2026-07-29 13:30,Urgent,Completed,2232
2609,27,10,4,2026-07-29 11:45,Therapy Session,Cancelled,
2610,148,14,5,2026-07-29 15:15,Urgent,Completed,2233
2611,19,14,5,2026-07-29 11:30,Urgent,Cancelled,
2612,19,6,2,2026-07-29 13:15,Wellness/Annual,Completed,2234
2613,156,3,1,2026-07-29 15:45,New Patient,Cancelled,
2614,25,16,6,2026-07-29 09:00,Lab/Imaging Order,Completed,2235
